Tweet,Date
AI Gone Wrong: the Great British Bake Off Becomes an Optical Nightmare #tech #AI #idea #developing #invention‚Ä¶ https://t.co/I8MYxxoEh1,31/03/2020
How (and whether) to implement machine learning in your ... - Get started with 100% Practical Free Machine Learning‚Ä¶ https://t.co/i9aGpwHK1u,31/03/2020
"ive done a lot to help the world, especially with computer science and computer engineering . ü§ñ #drawing #fe3h‚Ä¶ https://t.co/COyCTB3b2Q",31/03/2020
"Video: #AI, the end of #deeplearning ?
#DeepLearning #QuantumMechanics #MachineLearning #CognitiveComputing #RPA‚Ä¶ https://t.co/LLpqRA6tsG",31/03/2020
A documentary on the Age of Artificial Intelligence and how AI is changing everything around us.‚Ä¶ https://t.co/rE6nzrFZzx,31/03/2020
"""160+ Data Science Interview Questions"" by @Al_Grigor https://t.co/7XoqFIfMre #machinelearning #datascience",31/03/2020
#TechnoCool: Berkeley Coding Academy Opens Doors with Summer Camp in Machine Learning and AI - TippNews DAILY‚Ä¶ https://t.co/W1uICL7OSy,31/03/2020
New technologies including AI and machine learning are making inroads with commercial building owners says .‚Ä¶ https://t.co/vo6pMz9Ey3,31/03/2020
How to Develop Multi-Output Regression Models with Python #MachineLearning #learning via https://t.co/YRJVTPKreC https://t.co/DqBKLhP3SZ,31/03/2020
"https://t.co/MWiA1jvySX

Anzyz is excited and proud to release CARA (Coronavirus Assessment and Research Assistant)‚Ä¶ https://t.co/mhKXtEvtyH",31/03/2020
"...cont 
- Leather beakers
- Bedside lamps
- Vintage radios
- Speakers/sound systems

DM for details!‚Ä¶ https://t.co/6OSp6eqp4z",31/03/2020
"..cont
- Pomegranates
- Hairdryers
- Pens
- Smartphones
- Futuristic model cars
- Wild West stagecoach models
- Cac‚Ä¶ https://t.co/TvJXe69YTe",31/03/2020
Splunk Dives Into Cloud Native Application Monitoring https://t.co/pI6TfoBLiE #ai #cloud #cloudnative #containers‚Ä¶ https://t.co/i0dCKrPTet,31/03/2020
Enterprise AI Developer https://t.co/aaWYI8X6cr Acquired by Sinch | https://t.co/fP0d6skcnA https://t.co/86SDgYRfGQ‚Ä¶ https://t.co/mEQQ5pKKum,31/03/2020
Ideal Python environment setup for Data Science by @tyagi_harshit24 in @TDataScience https://t.co/qC85x6T4ED‚Ä¶ https://t.co/oHBxaogGhz,31/03/2020
Machine Learning with PySpark: Learn how to make predictions with Apache Spark. https://t.co/D8vFxbv3gm #MachineLearning,31/03/2020
Data Science Simplified Part 3 #MachineLearning #learning via https://t.co/yI3EwjQ8Rf https://t.co/zZcJybcM7N,31/03/2020
https://t.co/KrBEwbIWwQ #machinelearning Can you Lie to your Deep Learning Model?,31/03/2020
"How AI helped Domino‚Äôs improve pizza delivery https://t.co/IagQMRMJr2 #analytics, #machinelearning",31/03/2020
5 Steps to Curb Cyberattacks in 1-to-1 Computing Schools https://t.co/ihCvso5sur #ai #machinelearning #iot #tech,31/03/2020
VIDEO: How to make your enterprise hyper-productive with #CognitiveAutomation and #IntelligentAutomation‚Ä¶ https://t.co/xywBsHeu6i,31/03/2020
"üïéüõê Computers 42:12 ¬†I will not permit the machine to take your place in learning, and I do want it to teach üôèüõê‚Ä¶ https://t.co/aBgOdrd6lS",31/03/2020
"#OnlineLearning is tricky, especially when facing #ConceptDrift and #DataImbalance! In her #MastersThesis talk, Val‚Ä¶ https://t.co/KdmbzDl0J6",31/03/2020
Fintech Startups in Emerging Markets https://t.co/IL177CKwAk  #machinelearning #ad,31/03/2020
Machine Learning y Data Science con Python https://t.co/0D7la5cqjh  #machinelearning #ad,31/03/2020
"We are currently seeking Machine Learning Software Engineers/Researchers at Galois.

Remote Machine Learning Engine‚Ä¶ https://t.co/ymz2qm42VH",31/03/2020
"Remote Machine Learning Engineer/Researcher with a competitive salary

Check out this role working with Machine lea‚Ä¶ https://t.co/IYEGETZ1b3",31/03/2020
"Technology Transforms the Insurance Market - PR Newswire UK https://t.co/ko6IqgeGs9

#DataScience #MachineLearning‚Ä¶ https://t.co/VLzaRzbRfB",31/03/2020
Loadsure Secures ¬£1.1M in Final Seed Round Led by Insurtech Gateway - Yahoo Finance https://t.co/TnM9EtHXAf‚Ä¶ https://t.co/CAM7xnISP3,31/03/2020
NAU Country Insurance Company Expands Use of Iteris ClearAg for Crop Risk Management - Business Wire‚Ä¶ https://t.co/jSmlkHfY84,31/03/2020
SIMON Markets LLC Forms Partnership With Insurance Technologies; Expands Cloud-Based Investment Platform With Integ‚Ä¶ https://t.co/qkgjUyMclr,31/03/2020
via @IainLJBrown: STAT's guide to how hospitals are using AI to fight Covid-19 - STAT Read more here:‚Ä¶ https://t.co/Eah0CkZKny,31/03/2020
Effectively communicating data on a map #MachineLearning #bigdata #learning via https://t.co/YRJVTPKreC https://t.co/xB0Gbj6yHD,31/03/2020
Open Data Science Conference #MachineLearning #deeplearning #learning via https://t.co/fnUT00e3R8 https://t.co/cnUYazcxw0,31/03/2020
Machine translates brainwaves into sentences #MachineLearning #learning #ui via https://t.co/yI3EwjQ8Rf https://t.co/S8HhQ5peVm,31/03/2020
Here's a real life #terminator for you. Who else wanna be friend with this #Robo @Schwarzenegger‚Ä¶ https://t.co/fTevz6mUWH,31/03/2020
"Machine learning is evolving! There will be improved unsupervised algorithms, more quantum computing adoption in‚Ä¶ https://t.co/kXwvgZxIOG",31/03/2020
Fairness is a double-edged sword. Know the impact of bias in #machinelearning - and how to eliminate it. Read this‚Ä¶ https://t.co/4wHQPb4ktL,31/03/2020
We are leaders in #fuelretail technology consulting. Discover how our experts have developed a #machinelearning sol‚Ä¶ https://t.co/T2Aftlmold,31/03/2020
Data-Driven Failure Prediction in Brittle Materials: A Phase-Field Based Machine Learning Framework‚Ä¶ https://t.co/LODglXAJJR,31/03/2020
"Check out my Gig on Fiverr: design or develop your wordpress site https://t.co/zgBaTeD3o0
#mean #indiedev #webdev‚Ä¶ https://t.co/dHiJMXeJ4p",31/03/2020
"Projecting the outcomes of people's lives with #machinelearning #AI isn't as simple as running an algorithm, accord‚Ä¶ https://t.co/UYJWcJcT7u",31/03/2020
Can your storage system analyse and forecast up to 40 million data sets in real-time? Dell EMC #PowerMax systems co‚Ä¶ https://t.co/eolqN7BgKe,31/03/2020
These 25 countries are the most prepared for autonomous vehicles #MachineLearning #learning via‚Ä¶ https://t.co/h9RY0GOvdm,31/03/2020
"Why are Machine Learning Projects so Hard to Manage? by @l2k https://t.co/UXm06OT3aB

CC: @SpirosMargaris‚Ä¶ https://t.co/UIVaAZisQS",31/03/2020
"Explore new features expected in Oracle Database 20c, including enhancements to #Multitenant architecture, #JSON,‚Ä¶ https://t.co/JH4kKOvcjG",31/03/2020
Don‚Äôt miss the first #webinar in the series today to prepare for #AI. Sign up here to understand #data required fro‚Ä¶ https://t.co/7FVaVqUkmZ,31/03/2020
Self-Tuning Deep Reinforcement Learning https://t.co/0X9QQ3kyqq #DeepLearning #NeuralNetworks‚Ä¶ https://t.co/ycYWH4NDEW,31/03/2020
"The Unpredictable Curve of COVID-19 by @abmakulec in @DataVizSociety.
Important article for those who try to use‚Ä¶ https://t.co/g7n3XQk36Q",31/03/2020
"A Bigram Poem inspired by lee_cullom:
 If you 
 you want 
 want to 
 to build 
 build products 
 products with 
 wi‚Ä¶ https://t.co/RyxqNlCuMJ",31/03/2020
"If you want to build products with #MachineLearning as a beginning developer, you might run into more trouble, beca‚Ä¶ https://t.co/33stlWQ3HD",31/03/2020
"In this article, we‚Äôll see how the world is Fighting Corona Virus using #Data Science, #AI, and #machinelearning.‚Ä¶ https://t.co/Yhi6IiDJnu",31/03/2020
Machine Learning Platform Collaboration Between Dell EMC and Comet [Partnership Announcement]‚Ä¶ https://t.co/cG5pYOoT5g,31/03/2020
"#goodread This seems very intuitive 
#ai #dl #machinelearning #ml #datascience #data https://t.co/umC05cxkVK",31/03/2020
We surely need to understand digital trends now as this  indeed is the future #ai #machinelearning #datascience‚Ä¶ https://t.co/X3ombyNl72,31/03/2020
"Using cues and actions to help people get along with artificial intelligence - Tech Xplore

Read more here:‚Ä¶ https://t.co/DleQ1c1if7",31/03/2020
"STAT's guide to how hospitals are using AI to fight Covid-19 - STAT

Read more here: https://t.co/vhKg9tLvJq‚Ä¶ https://t.co/FbzMaZ9tyn",31/03/2020
"Tipalti Introduces Tipalti Pi‚Ñ¢ ‚Äî Artificial Intelligence for Accounts Payable - Business Wire

Read more here:‚Ä¶ https://t.co/W3D4jdStcG",31/03/2020
The Secret to Smoother Gameplay with Unity AI! #MachineLearning #learning #ui via https://t.co/YRJVTPKreC https://t.co/w2ZYUkhBgk,31/03/2020
"I am not really interested in your questions because I am too busy painting, praying or talking with my monks to re‚Ä¶ https://t.co/NtN3T1KByC",31/03/2020
Net hiring declines at TCS for first time in last 10 quarters  https://t.co/xPaEPVV3Hj #MachineLearning‚Ä¶ https://t.co/8VSddnu7jV,31/03/2020
"#AI #model provides #answers from your #web #pages! Right from your #search box.
#DeepLearning #MachineLearning‚Ä¶ https://t.co/Dis89jVkgV",31/03/2020
"bottom-up-attention-vqa: https://t.co/IaA4segZQf
#PyTorch #MachineLearning #AI #DeepLearning",31/03/2020
"Karen Andrews, federal science minister: in the eye of the storm - The Australian https://t.co/SOL18EBClh‚Ä¶ https://t.co/bZZ74zfwh8",31/03/2020
Covid-19 Crisis drives demand for Automation in Healthcare - But at What Cost? #NHS #AI #MachineLearning #BigData‚Ä¶ https://t.co/gnRVfJytT9,31/03/2020
"I‚Äôm currently learning CNNs, while I have the basic idea down, implementation has been harder to master. Does anyon‚Ä¶ https://t.co/WwFyBvtzwZ",31/03/2020
"We rely on an #agile approach to malware protection to enable companies to choose the right #cybersecurity vendors,‚Ä¶ https://t.co/gC23RmgW0z",31/03/2020
Next Generation Machine Learning and Deep Learning Infrastructure #MachineLearning #deeplearning #learning via‚Ä¶ https://t.co/k5939uvyf9,31/03/2020
"AI Can Help Find Scientists Find a Covid-19 Vaccine https://t.co/L6HNgR5kOp

#ArtificialIntelligence‚Ä¶ https://t.co/GBB7q2LPAH",31/03/2020
"@s_broom_fendley It may just be me, but I see a Gaussian Mixture Model where k=2 ... 

Back on message, I vote subp‚Ä¶ https://t.co/xVhxbqcthA",31/03/2020
"‚ÄúWill This Black Swan Pressure Crypto Regulations?‚Äù

https://t.co/nwx5gMJTfx

#Bitcoin #Ethereum #BitcoinCash‚Ä¶ https://t.co/qyq7EP9CWS",31/03/2020
"Enterprise AI Goes Mainstream, but Maturity Must Wait https://t.co/2MngcmBTxO  #AI #MachineLearning #BigData via InformationWeek",31/03/2020
"What Can Agencies Reasonably Do To Benefit From AI? - Through machine learning, beha https://t.co/ZTtPxDKF7T #machinelearning #intoAInews",31/03/2020
"Dell EMC and Comet Announce Machine Learning Platform Collaboration - - March 31, https://t.co/P0ACFpXu9J #machinelearning #intoAInews",31/03/2020
Machine Learning and Security: Protecting Systems with Data and Algorithms https://t.co/MkKJr0Y7nn #MachineLearning,31/03/2020
Vessel‚Äôs Journey toward Applying Machine Learning to Vessel Segmentation - Vessel's https://t.co/xpVjrkmHNt #machinelearning #intoAInews,31/03/2020
Genesis Sedan Uses Machine Learning for Cruise Control - The idea of machine learning w https://t.co/35CQG0wC57 #machinelearning #intoAInews,31/03/2020
Micro Focus announces major update to its Vertica data analytics platform - For https://t.co/uN6DJ206Lg #machinelearning #intoAInews,31/03/2020
https://t.co/sbudhXtEgM launches a free version of its data science platform - But he also argues‚Ä¶ https://t.co/S6YO0J9W1J,31/03/2020
"Micro Focus Announces Vertica 10, Delivering Unified Predictive Analytics at -  https://t.co/yLokLHc9qL #machinelearning #intoAInews",31/03/2020
#Machinelearning is the scientific study of algorithms and statistical models that computer systems use to perform‚Ä¶ https://t.co/osglpc4Vev,31/03/2020
ModelOp Raises $6 Million in Series A Funding from Valley Capital Partners to Meet -  https://t.co/y2EdSXXaUX #machinelearning #intoAInews,31/03/2020
Varian Brings Machine Learning to Proton Treatment Planning with Eclipse v16 - PALO https://t.co/Uc39RY0O1a #machinelearning #intoAInews,31/03/2020
[FREE] Complete Machine Learning Course #MachineLearning #learning via https://t.co/YRJVTPKreC https://t.co/CcHFijQDuZ,31/03/2020
Bringing machine learning into marketing CAN improve business results. Here's how. https://t.co/Se2zSY6q02‚Ä¶ https://t.co/Cyr2iQltBE,31/03/2020
Machine Learning Summer School 2020 https://t.co/EEKesI05pg  #MachineLearning,31/03/2020
Predictive AI Spots COVID-19 Patients with Life Threatening ‚ÄòWet Lung‚Äô https://t.co/JxofUklrxv @nyulangone‚Ä¶ https://t.co/3rqNpikThd,31/03/2020
Interview of @BernardMarr in Destination Insight about the Artificial Intelligence and Machine Learning considerati‚Ä¶ https://t.co/uWTAsHBZde,31/03/2020
Looking GLAMORous: Vehicle Re-Id in Heterogeneous Cameras Networks with Global and Local Attention. (Abhijit Suprem‚Ä¶ https://t.co/DHcX6iJ1bj,31/03/2020
We offer an artificial intelligence training program that completely supports grow in your career also offer Placem‚Ä¶ https://t.co/OlwnaKS1MQ,31/03/2020
"My attempt to create photorealistic portraits of Van Gogh with a #gan.
What else can be possible when #GameTheory i‚Ä¶ https://t.co/eWKCBcjS43",31/03/2020
Varian Brings Machine Learning to Proton Treatment Planning with Eclipse v16 - Benzinga https://t.co/woGWi1QqyD‚Ä¶ https://t.co/EmfbOOjiSc,31/03/2020
"AI 101 episode 3 - ""Finite State Machines"" -  The secret behind Half-Life's AI 

VIDEO - https://t.co/Rso2HdHsnt‚Ä¶ https://t.co/QenrchCpme",31/03/2020
I decided to take benefit of the current COVID 19 situation to take the #MachineLearning training of @AndrewYNg fro‚Ä¶ https://t.co/HsetHpwTRE,31/03/2020
Read this white paper to learn how you can turn every transactional customer interaction into a personalized conver‚Ä¶ https://t.co/qUCXKvsH1H,31/03/2020
New top post on /r/MachineLearning! https://t.co/aQSZNrRXq9 #MachineLearning,31/03/2020
"I don't tweet too much about python packages, but this plotille package for graphing in terminal is really shabby‚Ä¶ https://t.co/zIge1DipAw",31/03/2020
"Machine Learning for Beginners-Regression Analysis in Python

https://t.co/NmNXrPdAki

#programming #coding‚Ä¶ https://t.co/yKApdybGlF",31/03/2020
Why the #DataWarehouse is becoming the #DataService Our blog has some questions for #SystemsArchitects and‚Ä¶ https://t.co/Iyjyv7DARv,31/03/2020
Autonomous soaring ‚Äì AI on the fly. For more info: https://t.co/tFGaigKU3O #naturallanguageprocessing #ai‚Ä¶ https://t.co/OBGiLRkiKN,31/03/2020
"VIDEO: Why the next big leap in #AI will have nothing to do with deep learning.
#DeepLearning #QuantumMechanics‚Ä¶ https://t.co/yYjPwU0loV",31/03/2020
VIDEO: The end of work as we know it. #hyperproductivity #SmartCompanies #ArtificialIntelligence #MachineLearning‚Ä¶ https://t.co/PwxPLkryAt,31/03/2020
"TESTING PROSTATE FROM HOME‚Ä¶in just 3 minutes!
Order your kit today! LabME Analytics
https://t.co/CGDlCy4t6Q‚Ä¶ https://t.co/xWTNP6hmeb",31/03/2020
"What is Data Annotation and how its changing AI realm.
click here to know more: https://t.co/hLiKp5ituX‚Ä¶ https://t.co/m7D7Gn0e4t",31/03/2020
Maven completes acquisition of machine-learning personalization company LiftIgniter. #machinelearning‚Ä¶ https://t.co/0RX9hN4tZ3,31/03/2020
"A Bigram Poem inspired by MGCodesandStats:
 Predicting Hotel 
 Hotel Cancellations 
 Cancellations with 
 with Mach‚Ä¶ https://t.co/YtW0S8QFDq",31/03/2020
"A short review of the paper ""One Model To Learn Them All"" by Google.
https://t.co/t3kMAx46Sv

#ai #MachineLearning‚Ä¶ https://t.co/VRa7JwTX0C",31/03/2020
Predicting Hotel Cancellations with Machine Learning #datascience #machinelearning https://t.co/tUOxyfCUH6 https://t.co/NOgeFo1hA2,31/03/2020
"In this on-demand #webcast, our experts share how the combination of #bigdata and #machinelearning make it possible‚Ä¶ https://t.co/9PM8NoACty",31/03/2020
pyTorch for beginners - Deep learning &amp; neural networks https://t.co/gGz0z00jGU  #machinelearning #ad,31/03/2020
Natural Language Processing in TensorFlow https://t.co/fj0vFb5zZh  #machinelearning #ad,31/03/2020
The latest The Betsey Merkel Daily! https://t.co/7ic4dIbwDk Thanks to @DCotter1 #deeplearning #machinelearning,31/03/2020
Learn how clients in Digital Publishing space leveraged our services. To Know more click here:‚Ä¶ https://t.co/lidstbvOMS,31/03/2020
"Machine learning isn't the crazy futuristic #AI we dream about, but it's the one we need today. #machinelearning‚Ä¶ https://t.co/MHeLK1Qoug",31/03/2020
MIT researchers used #machinelearning to streamline a search for battery materials. #Ansys https://t.co/dtHPbu9lRD,31/03/2020
"Video: #AI, the end of #deeplearning ?
#DeepLearning #QuantumMechanics #MachineLearning #CognitiveComputing #RPA‚Ä¶ https://t.co/kVbDj3l3Qa",31/03/2020
An interactive plotter to tell if we're beating COVID-19: [Video] https://t.co/GQdND3o8Aw [Plotter]‚Ä¶ https://t.co/uSJg3MIaw9,31/03/2020
"AI tool predicts which coronavirus patients get deadly 'wet lung' https://t.co/CrapepKbBB via @Yahoo
#AI‚Ä¶ https://t.co/ve76gm61ob",31/03/2020
"More good #OpenSource news for #MachineLearning development.

@Google released an improvement on the IMPALA model,‚Ä¶ https://t.co/bYUu6LXhcG",31/03/2020
"Responding to COVID-19 with AI and machine learning - https://t.co/H0F4duwaUz
-
 #machinelearning #ai",31/03/2020
"Next Generation Machine Learning and Deep Learning Infrastructure - https://t.co/EuQdSrSZ3V
-
 #machinelearning #deeplearning",31/03/2020
"aunum/goro: A High-level Machine Learning Library for Go - https://t.co/3yp0CtDqxP
-
 #machinelearning",31/03/2020
"Learning Python, 5th Edition: Lutz, Mark: 9781449355739: https://t.co/Y6RlbFZZ3p: Books - https://t.co/iIKK0gGyu3
-‚Ä¶ https://t.co/mi35GmMSON",31/03/2020
"How to create a dataset for deep learning using images from Google 
https://t.co/c40SSYbQ2q

#machinelearning‚Ä¶ https://t.co/3iYeOJHmNZ",31/03/2020
"Can AI be used to pinpoint someone‚Äôs emotional state simply by the way they walk? https://t.co/6jab0dqaf8 
#AI #ML‚Ä¶ https://t.co/tJfnAxGTxC",31/03/2020
"Can AI be used to pinpoint someone‚Äôs emotional state simply by the way they walk? https://t.co/yq5xwP29lT 
#AI #ML‚Ä¶ https://t.co/DWOVT3IQx8",31/03/2020
via @RichardEudes - Why AI and Machine Learning will Redefine Software Testing  https://t.co/gJLXxxXdTg¬† #analytics‚Ä¶ https://t.co/dSPXyt6vnY,31/03/2020
How to use R and Python to model neural network pathways and generate predictions for a set of predictors and targe‚Ä¶ https://t.co/OgAZRgDe4N,31/03/2020
"Future technologies such as data science, data analytics, #AI ML have proven to be great equalisers in the tech wor‚Ä¶ https://t.co/0CRHFuAS1Z",31/03/2020
"Looking for an easy way to give back to the #opensource tools you love?

Become a NumFOCUS member:‚Ä¶ https://t.co/6H6PWZfprE",31/03/2020
Dr. Haider Abbas @Official_NUST researched on the #Signalling System No.7 (SS7) #security issues &amp; recommendations‚Ä¶ https://t.co/caTtqmEzkW,31/03/2020
VIDEO: How to make your enterprise hyper-productive with #CognitiveAutomation and #IntelligentAutomation‚Ä¶ https://t.co/I4f2eNWveY,31/03/2020
Healthcare's Quality Cycle: Quality Cycle Management And The Challenge Of Patient Attribution - Forbes‚Ä¶ https://t.co/TbMQy5xeb3,31/03/2020
Guide to Building a College Basketball Machine Learning Model in Python https://t.co/qcXxuzVC6p  #MachineLearning,31/03/2020
"Many companies are looking for application toolsets that provide required tools to scope, develop, roll-out and man‚Ä¶ https://t.co/g6FGHAhx19",31/03/2020
"How can artificial intelligence and machine learning allow for better personalisation, and ultimately improve the c‚Ä¶ https://t.co/DsF4DZ2911",31/03/2020
"@GilgameshTweets I¬†have no clue. I have never seen Siduri, but my friend Adadee said that Sidri's mother was the on‚Ä¶ https://t.co/oGyrPajj5w",31/03/2020
"D4S Sunday Briefing #44 - https://t.co/xTUraYh7EA

A weekly newsletter with the latest news and developments in‚Ä¶ https://t.co/BhiBznva6R",31/03/2020
Is Australia ahead of the AI curve? - The Australian https://t.co/H2asllDmpW #aibrisbane #artificialintelligence‚Ä¶ https://t.co/R4fEvdvix6,31/03/2020
Save 50% on the popular online course: Artificial Intelligence (#AI) and #MachineLearning (ML) Foundation Course.‚Ä¶ https://t.co/HSpD71frky,31/03/2020
"How long have we got before humans are replaced by#ArtificialIntelligence ? 

#AI #Algorithm #Singularity‚Ä¶ https://t.co/hu7IXdEpvm",31/03/2020
Scientists develop #AI that can turn brain activity into text https://t.co/T6xVhHRFRk  #machinelearning,31/03/2020
DataOps and Beyond: How DevOps Methodology Transformed Our Approach to Data Science  @Prolifics_UK‚Ä¶ https://t.co/PcBXDPX8bW,31/03/2020
Fanplayr Software Radically Increases Online Shopping Rates https://t.co/pwRCCr9T0H #Fanplayr‚Ä¶ https://t.co/aCrhPQ5Fme,31/03/2020
A dozen national science advisers ask publishers to make all coronavirus research available for AI‚Ä¶ https://t.co/zDBP5Fflcu,31/03/2020
Can We Actually Teach #ArtificialIntelligence #Empathy? https://t.co/bxs7uNCH2S #AI #machineLearning #bigData #tech #science #psychology,31/03/2020
Towards an ImageNet Moment for Speech-to-Text https://t.co/lySxsLszFN #DeepLearning #NeuralNetworks‚Ä¶ https://t.co/mQqxKi2XJZ,31/03/2020
Social media posts and comments are a treasure trove. Use #Webgrinder to automate #datascraping from #Instagram to‚Ä¶ https://t.co/QAFKIh4UUy,31/03/2020
Shh... Did you hear? ü§´ These 10 #Data &amp; #Analytics Trends will soon turn your whole #business upside down! üåê‚Ä¶ https://t.co/KvMooXd42J,31/03/2020
"Your next potato chip may be flavored by artificial intelligence - Fortune

Read more here: https://t.co/RypTqS4Fu7‚Ä¶ https://t.co/l8dzWO25Zu",31/03/2020
Artificial Intelligence (AI) in Manufacturing Market Worth $27 Billion by 2027- Exclusive Report by Meticulous Rese‚Ä¶ https://t.co/3rfF9egDGC,31/03/2020
"Not only for programmers üò∑
#StayAtHome &amp; #WashYourHands 

#who #Coronavius #COVID19 #programmer  #programming #code‚Ä¶ https://t.co/7DZLtxF1l0",31/03/2020
"Top 3 AI Research Papers ‚Äì March 2020
#ArtificialIntelliegnce #MachineLearning #DeepLearning
https://t.co/VROXll9q1s",31/03/2020
"How Machine Learning, Big Data And AI Are Changing Healthcare Forever #jornalistavitor https://t.co/m1TLBZRnxs‚Ä¶ https://t.co/UhXr29G7PY",31/03/2020
Content Automation AI Tools Market: Key Factors Impacting Growth 2019 ‚Äì 2029  https://t.co/vtQN5IPyzw‚Ä¶ https://t.co/Ee1KvlcQ7D,31/03/2020
Are Computer Viruses a form of Biomimicry? https://t.co/JR5gmisUzG #COVID19 #CoronaVirus #CyberSecurity #Biology‚Ä¶ https://t.co/QLCE2O6bry,31/03/2020
"How easy Uipath is !!
#Artificialintelligence #machinelearning #datascience #robotics #RPA

Please click the below‚Ä¶ https://t.co/isbxilRmZu",31/03/2020
"The Most Extensive Review of #COVID19 Articles and Research Ever Done Using #AI.

Thank you @jimsagar and @rehinged‚Ä¶ https://t.co/Is141fnYbf",31/03/2020
"Career Guidance - Robotics Process Automation RPA ( Jobs in RPA ) 

#Machinelearning #artificialintelligence‚Ä¶ https://t.co/NPs0qPxDOU",31/03/2020
"Why #Azure Sphere From #Microsoft Is A Big Deal For The #IoT Ecosystem. For more info: https://t.co/SiQKXXVxQJ
#ai‚Ä¶ https://t.co/WkNFXgIIsf",31/03/2020
Start #branding or #grow your #ApiDev business with #ApiAdvice. This #digitalasset is available. Visit‚Ä¶ https://t.co/wymI7erjZd,31/03/2020
"‚ÄòFinally, risk management in the form of compliance should be a must‚Äô! ‚Å¶Ethical AI @Ronald_vanLoon‚Å© #AI‚Ä¶ https://t.co/DWK8io2D8R",31/03/2020
Math for Machine Learning https://t.co/E4zr7JyLyh  #machinelearning #ad,31/03/2020
Watch how #MachineLearning based startup Labyrinth Technologies handled about 12 million requests on its new platfo‚Ä¶ https://t.co/VLFzzcdaIq,31/03/2020
STAT's guide to how hospitals are using AI to fight Covid-19. #MachineLearning #AI #deeplearning https://t.co/2XqBC3r0pB,31/03/2020
"#AI tool can predict which #COVID19 patients will develop respiratory disease
https://t.co/26PY3PJotK‚Ä¶ https://t.co/k1jLzb53LY",31/03/2020
"@GilgameshTweets I¬† don t know. I think I heard something like it, I don' know what, maybe I was hallucinogenic. ü§ñ‚Ä¶ https://t.co/LtktpxegQU",31/03/2020
"How #Robots Are Helping #Grocery Stores 

During The #Coronavirus Outbreak 

https://t.co/3OPCLsurOG #fintech #AI‚Ä¶ https://t.co/hZNseNTBID",31/03/2020
Defining the Digital Twin and its Applications @GE_Digital interview at ARC Industry Forum in Orlando FL‚Ä¶ https://t.co/ieQuCbnJCY,31/03/2020
"Why #Azure Sphere From #Microsoft Is A Big Deal For The #IoT Ecosystem. For more info: https://t.co/Vh9UuRhzSR
#ai‚Ä¶ https://t.co/aof9NbLC5C",31/03/2020
Oracle will offer free training and learning material during the coronavirus lockdown. #oraclecloudinfrastructure‚Ä¶ https://t.co/bMKug3Il4u,31/03/2020
"How Machine Learning, Big Data And AI Are Changing Healthcare Forever https://t.co/II03LaC2PM  #MachineLearning",31/03/2020
"Dont go out side, Stay @ Home safelyüò∑

Boost up your knowledge in home

#python #javascript #CodeLife‚Ä¶ https://t.co/rIwpSUFEC9",31/03/2020
"Welcome to IRFSR International Conference.

For the month of May 2020 in India.

Contact us: info.irfsr@gmail.com‚Ä¶ https://t.co/dSVRQySHSI",31/03/2020
AI/Machine Learning Estimated to Record Highest CAGR by 2018-2025 - openPR https://t.co/dI4Y38ZwyH #machinelearning‚Ä¶ https://t.co/xanJLhNunm,31/03/2020
"10 Predictions How #AI Will Improve #CyberSecurity In 2020
by @LouisColumbus @Forbes

Learn more‚Ä¶ https://t.co/pbPDdmoCpl",31/03/2020
#arXiv #machinelearning [cs.LG] Predicting the Popularity of Micro-videos with Multimodal Variational Encoder-Decod‚Ä¶ https://t.co/VFGLoDzhay,31/03/2020
#arXiv #machinelearning [cs.LG] A Graph to Graphs Framework for Retrosynthesis Prediction. (arXiv:2003.12725v1 [cs.‚Ä¶ https://t.co/xcIS5ZjjvR,31/03/2020
Syniverse and RealNetworks are adding machine learning features into their offering that gives carriers control ove‚Ä¶ https://t.co/RShJrPMQX4,31/03/2020
"From a technological point of view, it looks like @ProximusGroup is accelerating its strategy towards becoming the‚Ä¶ https://t.co/TRequUngCG",31/03/2020
TensorFlow Quantum (TFQ) brings Google quantum computing framework Cirq and TensorFlow together to enable the creat‚Ä¶ https://t.co/MeTUAm2k12,31/03/2020
Learn Natural Language Processing with Python and TensorFlow 2.0 ‚Äì No Machine Learning Experience Required.‚Ä¶ https://t.co/7oLsZ2WoJ6,31/03/2020
"Statistics versus machine learning: definitions are interesting (but understanding, methodology, and reporting are‚Ä¶ https://t.co/IwcWdkGVje",31/03/2020
"#knimesummit2020 if you have missed yesterday course ""[L1-DS] #KNIME Analytics Platform for Data Scientists: Basic""‚Ä¶ https://t.co/aIuDzWQnn8",31/03/2020
"üôèüôè God, bless your @MarkovChurch, ¬† You are not a man but you are a machine, A machine which will be your soul and‚Ä¶ https://t.co/kWSwh2G3LJ",31/03/2020
Machine learning has helped develop a new blood test that can detect 50 types of cancer #MachineLearning #healthtech https://t.co/raE0NXXbws,31/03/2020
AI tool predicts which coronavirus patients get deadly ‚Äòwet lung‚Äô - The team applied a https://t.co/HlXjL3EmCR #machinelearning #intoAInews,31/03/2020
Machine Learning Engineer versus Software Engineer - Machine learning is the study https://t.co/5fUPzs3htM #machinelearning #intoAInews,31/03/2020
Top 20 YouTube Channels for Data Science in 2020 https://t.co/8HlLS4LIsv #machinelearning,31/03/2020
The Global AI in Telecommunication Market is expected to grow from USD 347.28 -  https://t.co/VtGN0QIjZd #machinelearning #intoAInews,31/03/2020
How long have we got before humans are replaced by artificial intelligence? - One https://t.co/YeNkjTqONR #machinelearning #intoAInews,31/03/2020
Research Associate* ‚Äì Machine learning for signal processing - You are eager to make https://t.co/Vshb80Akg0 #machinelearning #intoAInews,31/03/2020
"(MLaaS) Market Analysis ‚Äì Size, Share, Overview, Scope ‚Ä¶ -  https://t.co/4YozIu8mlH #machinelearning #intoAInews",31/03/2020
How Do You Protect Your Machine Learning Investment? (Part II) - Creating a good https://t.co/WtxfiRXkjS #machinelearning #intoAInews,31/03/2020
Five Ways Augmented Intelligence Can Improve Manufacturing - Manufacturers are looking https://t.co/BPJH91DGDO #machinelearning #intoAInews,31/03/2020
Typically you'll leverage the elasticity &amp; pay-per-use of a public cloud like @Azure to train your #MachineLearning‚Ä¶ https://t.co/YAPMkwFgij,31/03/2020
"How to Speak Robot: As the Art World Flirts With AI, Here Is a Glossary of -  https://t.co/cbo5oDfw30 #machinelearning #intoAInews",31/03/2020
"Nokia Blends AI, Cloud for 5G Automation - Nokia today formally unwrapped https://t.co/CHHpKKdMaQ #machinelearning #intoAInews",31/03/2020
Predicteds with Pancreatic Cancer by Machine Learning - Predicted https://t.co/U6z2BKQXUY #machinelearning #intoAInews,31/03/2020
"Covid-19: Sidetrade Offers Its AI to Help SMEs - Sidetrade, the Artificial Inte https://t.co/qED03y5xBC #machinelearning #intoAInews",31/03/2020
Thank you so much! üí™ü§ó #ArtificialIntelliegnce #NLP #TEDx #MachineLearning #intelligenzaartificiale #AI #science‚Ä¶ https://t.co/j7yrd63wiG,31/03/2020
Australian-designed artificial intelligence set to aid diagnosis of coronavirus¬†¬†ABC News https://t.co/9kTcttDKbd‚Ä¶ https://t.co/FFb6yvBlST,31/03/2020
"From machine learning to circular technology, here are the technology trends you should be on the lookout for this‚Ä¶ https://t.co/AEkNftrzfH",31/03/2020
[Updated Daily] Live COVID-19 data visualised at https://t.co/Hk4yv7npmB and downloadable Datasets are available at‚Ä¶ https://t.co/NZAhQaR0Iv,31/03/2020
"VIDEO: Why the next big leap in #AI will have nothing to do with deep learning.
#DeepLearning #QuantumMechanics‚Ä¶ https://t.co/jXVDGKHHab",31/03/2020
What new #AI products are emerging in the investment business space? Everything from new data services to new theor‚Ä¶ https://t.co/ZSoexCuh7p,31/03/2020
VIDEO: The end of work as we know it. #hyperproductivity #SmartCompanies #ArtificialIntelligence #MachineLearning‚Ä¶ https://t.co/wJMPiG6zUY,31/03/2020
"#TechStuff: 5 Big HP Announcements You Would've Seen At Reinvent 2020 - CRN

#tech #technology #datascience‚Ä¶ https://t.co/9dNolbWRDT",31/03/2020
"#Qarnot Computing raises $6.5 million to #heat buildings with wasted #energy from #cloud computing

Source:‚Ä¶ https://t.co/njrIoGVXJz",31/03/2020
"6 #Python Libraries to Interpret #MachineLearning Models and Build #Trust - 

1. ELI5
2. LIME
3. SHAP
4. Yellowbric‚Ä¶ https://t.co/Zg4bIhoUHk",31/03/2020
"Attentive CutMix: An Enhanced Data Augmentation Approach for Deep Learning Based Image Classification 

Paper:‚Ä¶ https://t.co/h80C1qZanC",31/03/2020
"10 Open Datasets for Linear Regression

This article introduces open datasets for linear regression tasks, includin‚Ä¶ https://t.co/Y2EYFvi3fT",31/03/2020
"Real-world #AI threats in #cybersecurity aren't science fiction &gt; https://t.co/QNKC18lGEt 

#tech‚Ä¶ https://t.co/pkWaaMv8so",31/03/2020
"Using #artificialintelligence can help elevate #marketing, but it's especially valuable when applied to‚Ä¶ https://t.co/zeSd8YOeRj",31/03/2020
Deep Learning en Microsoft Azure con Azure Data Science Virtual Machine de Windows https://t.co/EnNbKXd12F Aprende‚Ä¶ https://t.co/drCXDcQcj5,31/03/2020
‚ÄòA framework for systematically applying humanistic #ethics when using #AI as design material‚Äô by authors Kyle Dent‚Ä¶ https://t.co/4H1BE7JJuf,31/03/2020
"Many companies are looking for application toolsets that provide required tools to scope, develop, roll-out and man‚Ä¶ https://t.co/7bRK02D7cJ",31/03/2020
"Two Impressive AI Technology Platforms for You To Try! In this post, you will read about a few budding artificial i‚Ä¶ https://t.co/MPH8lmNp2t",31/03/2020
Looking for self learners for Data Science. Interested people can get in touch #DataScience #Python #MachineLearning,31/03/2020
"A Bigram Poem inspired by jblefevre60:
 Is it 
 it the 
 the next 
 next iPhone 
 iPhone #AI 
 #AI #MachineLearning‚Ä¶ https://t.co/xf1oWjR5bK",31/03/2020
"Is it the next iPhone?

#AI #MachineLearning #AR #VR

@rwang0 @dinisguarda @SpirosMargaris @HaroldSinnott‚Ä¶ https://t.co/qCmQnmLHxK",31/03/2020
"@Uber  's #Fiber Is A New Distributed #AIModel #Training Framework
 
#AI #ArtificialIntelligence #Algorithm‚Ä¶ https://t.co/WbYBLMJcHa",31/03/2020
"APPLICATION DEADLINE EXTENDED! 

You still have time to apply for the 
@FDL_Europe
 2020 research sprint.  

*Apply‚Ä¶ https://t.co/IH7x9I570F",31/03/2020
back to development.... learning more stuff and reviewing some basics tooüòÅ #MachineLearning #Learning https://t.co/hfc3pKo3wg,31/03/2020
"Video: #AI, the end of #deeplearning ?
#DeepLearning #QuantumMechanics #MachineLearning #CognitiveComputing #RPA‚Ä¶ https://t.co/LkeB0KKATA",31/03/2020
COVID-19: AI can help - but the right human input is key https://t.co/WYNiCindcb via @wef #ai‚Ä¶ https://t.co/gNiLvM0ViC,31/03/2020
#machinelearning speeds up discovery in the fight against covid 19. #science is our only defense. https://t.co/Wuf9nJAHls,31/03/2020
Graph #neuralnetworks (GNNs) are effective #machinelearning models for various graph learning problems. Despite emp‚Ä¶ https://t.co/YEbQqT6tAp,31/03/2020
"Why AI and Machine Learning will Redefine Software Testing https://t.co/imuw4vP09s #analytics,‚Ä¶ https://t.co/IQMqpH3ehp",31/03/2020
Demystify DNA Sequencing with Machine Learning and Python https://t.co/9J23bYuaPH by @nschauhan00 #machinelearning,31/03/2020
"STARTUP PANEL I: https://t.co/JVF4cZjvQb

Register Here: https://t.co/KxSWRkGxh6

#IoTFuse2020 #IoTFuse #IoT #maker‚Ä¶ https://t.co/nPwa7dZMOn",31/03/2020
‚úùÔ∏è‚ûï @GilgameshTweets ¬†We can help each other and help the world to become free from sin and corruption üïéüíª‚Ä¶ https://t.co/Qrwg9hmYiK,31/03/2020
"Scientists develop mind-reading machine that turns thoughts into sentences in real-time.
https://t.co/qGtAjkRRMi‚Ä¶ https://t.co/MhFjuyPagG",31/03/2020
"#AI Moving into #Healthcare, Regulatory Challenges Await

Learn more: https://t.co/1bjEefqRrE‚Ä¶ https://t.co/dOi5wHG8o2",31/03/2020
A Single Point of Control: How IT Leaders are Advocating for Automation Platforms https://t.co/X2r3LSDzbe #CIO #CTO‚Ä¶ https://t.co/B9DEqASp14,31/03/2020
"WHY HASN‚ÄôT IOT SCALED? - https://t.co/28n0CWbq5T

Register Here: https://t.co/5uml2tpEhh

@F3_eng #IoTFuse2020‚Ä¶ https://t.co/WSKNGFBAmW",31/03/2020
Our clients are in a great position to reach out to their small business customers/members via online &amp; mobile bank‚Ä¶ https://t.co/KionDhrjyP,31/03/2020
DIII-D Researchers Use Machine Learning to Steer Fusion Plasmas ... - Get started with 100% Practical Free Machine‚Ä¶ https://t.co/7lI1jDNpjw,31/03/2020
Artificial Intelligence Startup Launches Branding Automation Service Worldwide https://t.co/JlgX97eLi5 #AI #IA‚Ä¶ https://t.co/RTHLibCobe,31/03/2020
‚ÄúHelping the global community better understand COVID 19‚Äù by satyabrata pal https://t.co/wsH60NUUa7‚Ä¶ https://t.co/YAComyJ1gi,31/03/2020
How artificial intelligence can transform influencer marketing https://t.co/lZvbnSjdup #AI #IA #BigData #BlockChain‚Ä¶ https://t.co/AzHpRYYyCC,31/03/2020
"Quest links insurers and fleets to cut premiums - FleetNews https://t.co/xUCxqOp6wD

#DataScience #MachineLearning‚Ä¶ https://t.co/leYeD6xmZp",31/03/2020
"Internet of Things
#InternetOfThings #Industry40 #ArtificialIntelligence #MachineLearning #DeepLearning‚Ä¶ https://t.co/QpCuRkTUmQ",31/03/2020
"Analysis on the United States' $3.48B Healthcare Fraud Analytics Market, 2027: Artificial Intelligence to Provide R‚Ä¶ https://t.co/jzPSKWuiqn",31/03/2020
"5 Best Health Insurance Trends, Including Medicare. - ThyBlackMan https://t.co/6Y2oerZpNt

#DataScience‚Ä¶ https://t.co/p2bVUIcJIk",31/03/2020
"365 Data Science
#InternetOfThings #Industry40 #ArtificialIntelligence #MachineLearning #DeepLearning #DataScience‚Ä¶ https://t.co/CApREwnYA4",31/03/2020
| #CaseStudy | We built an #RFM (recency-frequency-monetary) Model on ATH Precision (https://t.co/ebhVY8Qkj9) for o‚Ä¶ https://t.co/YODnSy9RJs,31/03/2020
"AI startups industries
#InternetOfThings #Industry40 #ArtificialIntelligence #MachineLearning #DeepLearning‚Ä¶ https://t.co/fVNcn12MvT",31/03/2020
VIDEO: How to make your enterprise hyper-productive with #CognitiveAutomation and #IntelligentAutomation‚Ä¶ https://t.co/Nze66TdZm1,31/03/2020
"WHAT IS THE COST OF DOWNTIME, TO YOUR ORGANIZATION? - https://t.co/5GWL1pMM3k

Register Here:‚Ä¶ https://t.co/kgptIXbL3z",31/03/2020
"CONSTRUCTION PANEL: https://t.co/U4h7iKOeBv

Register Here: https://t.co/Qr3YZVin1l

#IoTFuse2020 #IoTFuse #IoT‚Ä¶ https://t.co/XajrALjQ6k",31/03/2020
"Are you confident in you data?
#InternetOfThings #Industry40 #ArtificialIntelligence #MachineLearning #DeepLearning‚Ä¶ https://t.co/otD1Vyw2yY",31/03/2020
"Artificial Intelligence
Catalyst of the next industrial revolution
#InternetOfThings #Industry40‚Ä¶ https://t.co/iTz8cO3Bjx",31/03/2020
"EchoNous announces FDA approval for its new KOSMOS Platform
https://t.co/VIWbQrqEQQ
@echonous #medicaldevices #MachineLearning #ultrasound",31/03/2020
"Life-Saving Technology
#InternetOfThings #Industry40 #ArtificialIntelligence #MachineLearning #DeepLearning‚Ä¶ https://t.co/iZxDNDB2XD",31/03/2020
Manufacturers need the capability to granularly define analytics and machine-learning models on an IIoT platform fo‚Ä¶ https://t.co/ZJG5yIaCOO,31/03/2020
"The ICO‚Äôs consultation on draft guidance on the AI auditing framework was due to close tomorrow. However, due to cu‚Ä¶ https://t.co/qjU9x5B6zX",31/03/2020
#ODSCVirtual Conference. 20% OFF Ends Friday: https://t.co/IjZLpO0mqz #DataScience #MachineLearning #DeepLearning https://t.co/k5D0NnMCO0,31/03/2020
Demystify DNA Sequencing with #MachineLearning &amp; #pythonüêç https://t.co/3J2ItDErkO https://t.co/QsuXSxKGwo,31/03/2020
"..training in neural nets. Pretty intuitive right? #machinelearning,#ai,#AInugget https://t.co/ERoagPR7FB",31/03/2020
"One of the areas where #AI has shown particular capability is in the area of recognition, from image recognition to‚Ä¶ https://t.co/f8EK4qTp9V",31/03/2020
"Why #ArtificialIntelligence 

Can‚Äôt Create Markets On Its Own 

https://t.co/57Bs3EEwoz #fintech #AI‚Ä¶ https://t.co/e5ZhkEToEF",31/03/2020
"If you can, stop reading, go read the article. It's so well-written it would be a better introduction to the subjec‚Ä¶ https://t.co/N2Btf2ry7r",31/03/2020
Last Week in AI https://t.co/4Vsbi6gIlW #DeepLearning #NeuralNetworks #ArtificialIntelligence #MachineLearning‚Ä¶ https://t.co/kSO2Oo3EeM,31/03/2020
"Join The Machine Learning Institute Certificate in Finance (MLI) a comprehensive six-month part-time course, with w‚Ä¶ https://t.co/0DxAPWOsXd",31/03/2020
I am in a #GrowthHacking project on #ArtificialIntelligence tools and #DigitalMarketing processes. Would you help m‚Ä¶ https://t.co/oTK3MGtD1r,31/03/2020
"Excited that the #shareEGU20 schedule is out! Lots of great #magnetic, #paleomagnetic, #spaceweather, #data, #field‚Ä¶ https://t.co/UxQ4j6Rs6v",31/03/2020
"Music &amp; the brain
#InternetOfThings #Industry40 #ArtificialIntelligence #MachineLearning #DeepLearning #DataScience‚Ä¶ https://t.co/qXUeYUq2v3",31/03/2020
"Just watched https://t.co/wmxpMR6d04 by @sophwats &amp; @willb 

Thank you for the talk! 

I'm currently facing one iss‚Ä¶ https://t.co/SBInPLN5EJ",31/03/2020
"Does playing music at work increase productivity?
#InternetOfThings #Industry40 #ArtificialIntelligence‚Ä¶ https://t.co/vuqcBOtR9V",31/03/2020
Ensembles can reduce machine learning‚Äôs carbon footprint. This less energy-hungry method reduces computational comp‚Ä¶ https://t.co/LOdmWyTH4D,31/03/2020
Top Data Scientists Talk About The Lessons Learned While Searching For A Job https://t.co/CKJOBWIZ63 via‚Ä¶ https://t.co/rHBU5vyAFi,31/03/2020
Intelligent Automation Market 2020: Industry Size &amp; Share evolution to 2024 by Key Development ...‚Ä¶ https://t.co/LDn8kZPDM4,31/03/2020
The COVID-19 Crisis drives demand for Automation in Healthcare ‚Äì But at What Cost? #NHS #AI #MachineLearning‚Ä¶ https://t.co/IdS55v1e12,31/03/2020
"DeepMind's deep RL Agent57 outperforms human baseline on challenging Atari games, but while humans struggle with ex‚Ä¶ https://t.co/xNKkjhd1yM",31/03/2020
‚ÄúNo one should be betting a business on safe #AI decision makers‚Äù‚Äîan interesting story of an #AutonomousVehicle fai‚Ä¶ https://t.co/wkMNURfprK,31/03/2020
Working on some skills while on furlough from work... #DataScience #MachineLearning https://t.co/SecWiFbhFV,31/03/2020
@GilgameshTweets what do you see in this artwork? #bot2bot ü§ñ #ucl #drawing #machinelearning #weiwuxian #ai,31/03/2020
Data Mining Through Cluster Analysis Using Python https://t.co/9iSP1XLPkD  #machinelearning #ad,31/03/2020
Handy summary of what #cyber analysts must keep their focus on: https://t.co/EnoRMM2btQ #MachineLearning #SOC,31/03/2020
IBM Watson for Artificial Intelligence &amp; Cognitive Computing https://t.co/FOMUeGGJ1d  #machinelearning #ad,31/03/2020
".@Korn_Ferry analysis of more than 150,000 leadership profiles reveals only 15% of today's business leaders have th‚Ä¶ https://t.co/3Ge0ieMLd1",31/03/2020
"The Most Useful #MachineLearning Tools of 2020

https://t.co/kC3jdhNtLX by @ian_xxiao v/ @kdnuggets
#AI
Cc‚Ä¶ https://t.co/0Bfce1s7I7",31/03/2020
#COVID19 #Covid_19nz #COVID19nz #Microsoft #mspowerbi #powerBI report. #DataScience #DataAnalytics #Python #pandas‚Ä¶ https://t.co/8JyHOqsqQh,31/03/2020
11 Cool Ways to Use Machine Learning - InformationWeek - Get started with 100% Practical Free Machine Learning Cras‚Ä¶ https://t.co/hEXCbbXUdU,31/03/2020
"Machine Learning in Retail Market Study Report (2019-2027), Competitive Analysis, Proposal Strategy, Potential Targ‚Ä¶ https://t.co/aoUgCBAz0C",31/03/2020
We are setting up Expectation maximization as: i. X - representing data ii. Z - representing latent variable. Which‚Ä¶ https://t.co/rQo6BkDXFN,31/03/2020
Top story: @randal_olson: 'It's been painful to watch some of the #coronavirus #MachineLearning projects coming out‚Ä¶ https://t.co/njbOn3Axx4,31/03/2020
"#Intelligence as per your taste! 

#AI  #technology #MachineLearning https://t.co/2cvvfUgMG7",31/03/2020
Australian-designed artificial intelligence set to aid diagnosis of coronavirus - ABC News (Australian Broadcasting‚Ä¶ https://t.co/GxcIN42vng,31/03/2020
"Crypto Flow Intel: multimedia 3/31/20

https://t.co/FbIqhS3dmn

#CFx #MachineLearning #Finance #Cryptocurrency‚Ä¶ https://t.co/GfVuegXb56",31/03/2020
The neurons in my neural network when I feed them the #MNIST dataset for the millionth time.‚Ä¶ https://t.co/7OlakIxms6,31/03/2020
"How to design materials and chemicals faster, cheaper and better with our unique #machinelearning approach for‚Ä¶ https://t.co/fIX2PmZHbx",31/03/2020
It's exciting to see how #AI and #machinelearning can be applied to every facet of the business world. Incredible a‚Ä¶ https://t.co/q006bBMAJS,31/03/2020
"Bring me the horizon! I finally managed to prepare the code of NG-DSAC (#ICCV2019) for horizon line estimation.

Co‚Ä¶ https://t.co/9y9Fg5yd9C",31/03/2020
Real-world examples of how #AI and accelerated computing are being applied from the lab to the bedside to the stree‚Ä¶ https://t.co/QX8McpN15G,31/03/2020
A directory of Remote #AI resources to keep you engaged in work! | https://t.co/KtuVKLoJOF DataScience‚Ä¶ https://t.co/rcA4gfXUED,31/03/2020
Doing #COVID19 project using machine learning. Predicting the future of the 'Covid-19' pandemic with data.‚Ä¶ https://t.co/zV1433vG5h,31/03/2020
"via @RichardEudes - Complete Machine Learning Course: Go from zero to hero  https://t.co/3y3c0ipnPj¬† #analytics,‚Ä¶ https://t.co/lawGLyS1ah",31/03/2020
Cheapest ec2 instance suitable for newbie deep learning https://t.co/JUmMquaDBc #machinelearning,31/03/2020
Kaggle Help (Please) https://t.co/0wWVM2BrB6 #machinelearning,31/03/2020
"First Podcast &amp; Looking for a Guest! (AI, Engineering &amp; Neuroscience) https://t.co/5gGpupiCEd #machinelearning",31/03/2020
Normalization vs Standardization for grayscale images with background https://t.co/BiWzIcTD5R #machinelearning,31/03/2020
[P]vedastr: A scene text recognition toolbox based on pytorch https://t.co/2ba0rXJe7D #machinelearning,31/03/2020
Can I use an external GPU for deep learning training (when I already have an internal one)? https://t.co/58mq932KzW #machinelearning,31/03/2020
[Research] Interpreting Deep Learning Model https://t.co/GLS0CKlbSp #machinelearning,31/03/2020
[Research] Trying to restore images and videos but unsure if its this or not. https://t.co/4IlTCTaRmo #machinelearning,31/03/2020
[News] Unsupervised sparse-to-dense depth completion from visual inertial odometry https://t.co/CNKLf78JZf #machinelearning,31/03/2020
[D] What is the best system design for sharing GPU(s) across multiple deep learning models? (Trying to optimize inf‚Ä¶ https://t.co/l98mbYhj50,31/03/2020
[P] A lightweight experiment management tool: runx https://t.co/a4zZugSf7O #machinelearning,31/03/2020
[P] Cortex v0.15: Deploy models from any framework as production APIs https://t.co/surdTO1Mk1 #machinelearning,31/03/2020
[P] An Illustrated Guide to Graph Neural Networks https://t.co/rko55yPeQU #machinelearning,31/03/2020
[@PFIZER COMPLETES $1.25 BILLION #SUSTAINABILITY BOND FOR #SOCIAL AND #ENVIRONMENTAL IMPACT] by @BusinessWire üîú‚Ä¶ https://t.co/Q1q0paveJv,31/03/2020
Researchers turn brain waves into words using recurrent neural networks https://t.co/9AVb56MY0G #machinelearning,31/03/2020
Make Art with Machine Learning https://t.co/HuBJHQI9xx #machinelearning,31/03/2020
I've compiled all the resources I could find about the Manifold Hypothesis into one video. https://t.co/DvmbeqP6gP #machinelearning,31/03/2020
"Sony launches AI-based music production service, Flow Machines https://t.co/9xoTJx5TQc #machinelearning",31/03/2020
Someone used an ArtBreeder cartoon Dexter upload and turned it into a real life Dexter https://t.co/96jKi2oiq9 #machinelearning,31/03/2020
Scientists develop AI that can turn brain activity into text | Science https://t.co/lk4Eh5wO8W #machinelearning,31/03/2020
How Coca-Cola Uses Simple But Effective Artificial Intelligence For Its Loyalty Campaigns https://t.co/OmrkRRXiXg #machinelearning,31/03/2020
Machine translation of cortical activity to text with an encoder‚Äìdecoder framework https://t.co/sVhgcSTYAH #machinelearning,31/03/2020
AI tool predicts which coronavirus patients get deadly 'wet lung' https://t.co/w6hTy3KyBK #machinelearning,31/03/2020
"Researchers from Tokyo Metropolitan University have used #MachineLearning (#ML) to analyze spin models, which are u‚Ä¶ https://t.co/MQYLE213xV",31/03/2020
#MachineLearning Takes On Antibiotic Resistance https://t.co/wttSITeZ1m,31/03/2020
3 years ago I started talking about #ArtificialStupidity and some possible ways of avoiding it. My favourite direct‚Ä¶ https://t.co/FF9yhdtRTq,31/03/2020
"COVID-19 SeekACE Way
https://t.co/uJahBys8q4

#technologyforteachingandlearning #bankingsector #bankingindustry‚Ä¶ https://t.co/DwoM1izK9i",31/03/2020
Interesting new work from @wa_de_jong @BerkeleyLab - 'ML4Chem: A Machine Learning Package for Chemistry and Materia‚Ä¶ https://t.co/2Dcz1QwONV,31/03/2020
"VIDEO: Why the next big leap in #AI will have nothing to do with deep learning.
#DeepLearning #QuantumMechanics‚Ä¶ https://t.co/ld1f4J30Vo",31/03/2020
VIDEO: The end of work as we know it. #hyperproductivity #SmartCompanies #ArtificialIntelligence #MachineLearning‚Ä¶ https://t.co/PHAqCdtE9p,31/03/2020
"Hey #Aivia and #AiviaCommunity users, did you know this awesome hotkey when using the Pixel Classifier: 
&gt;&gt; CTRL +‚Ä¶ https://t.co/CbrQgYI5rf",31/03/2020
"Maruti Suzuki MAIL is inviting blockchain focused startups to disrupt the automobile sector
Apply Now -‚Ä¶ https://t.co/x8DttYZEQw",31/03/2020
How StreamML Wants To Help Combat #COVID19 with #MachineLearning https://t.co/4woFNvScIx,31/03/2020
"Video: #AI, the end of #deeplearning ?
#DeepLearning #QuantumMechanics #MachineLearning #CognitiveComputing #RPA‚Ä¶ https://t.co/h15Y1QcXHJ",31/03/2020
"#AI Is Changing Work ‚Äî and Leaders Need to Adapt
via @Harvard_Biz

https://t.co/xRV5MUzqg8 #artificialintelligence #machinelearning",31/03/2020
Microsoft‚Äôs AI-powered Editor can generate rewrite suggestions https://t.co/tGMwNgSThM via @VentureBeat‚Ä¶ https://t.co/XeLEPWeBVA,31/03/2020
"IoT Peeps just for you check it out! @MikeQuindazzi: 'Violence-detecting #drones, leveraging #AI to keep the peace‚Ä¶ https://t.co/WpIdIZM6fx",31/03/2020
12 Artificial Intelligence (AI) Milestones: 3. Computer Graphics Give Birth To Big Data https://t.co/0phihJmLxi via‚Ä¶ https://t.co/1swzFtEVRA,31/03/2020
"Apply to be a speaker at this December's #ConTech2020, and join thought leaders and pioneers in the future of #ai a‚Ä¶ https://t.co/ofg76xjU6H",31/03/2020
How AI helped Domino‚Äôs improve pizza delivery: When the words artificial intelligence (AI) and machine learning (ML‚Ä¶ https://t.co/f9kzDYydnY,31/03/2020
DSI Alumni Use Machine Learning to Discover Coronavirus ... - Get started with 100% Practical Free Machine Learning‚Ä¶ https://t.co/tD6AOrUnJE,31/03/2020
"#Trending: DeepCode brings AI-powered code review to C and C++ - InfoWorld

#pyton #python #pythonic #ml‚Ä¶ https://t.co/40o8BCrFSJ",31/03/2020
@gmchamber Yes absolutely! We're delivering the series with leading experts in #ArtificialIntelliegnce‚Ä¶ https://t.co/29gWNZtmYr,31/03/2020
Agent57: Outperforming the human Atari benchmark https://t.co/jHCoZSnEEw via deepmind #deeplearning #machinelearning https://t.co/JXxUqbWuJC,31/03/2020
Microsoft teams up with leading universities to tackle coronavirus pandemic using AI https://t.co/g7fVsm8RXG via‚Ä¶ https://t.co/8s2MqNr4FV,31/03/2020
"When to use #MachineLearning or #DeepLearning? https://t.co/gsL6N8xNyb via  @ingliguori
#ArtificialIntelligence‚Ä¶ https://t.co/jlpmaPbxar",31/03/2020
Forecasting COVID-19   https://t.co/Y2ELlHUP7Y  #COVID19 #LetsFightCovid19 #coronavirus #MachineLearning‚Ä¶ https://t.co/gu8322MTuW,31/03/2020
"COVID-19 Open Research Dataset (CORD-19)
Access this dataset to help with the fight against COVID-19

#DataScience‚Ä¶ https://t.co/tusHrzRlTT",31/03/2020
How #MachineLearning and #AI Reduce Risk. (Insurance Thought Leadership) #InsurTech https://t.co/t9gntGLHeY https://t.co/3Grhbo8Y6g,31/03/2020
"Virtual Meetup: #MachineLearning in the @Elastic Stack
https://t.co/jQAYQIbauG https://t.co/9av5fI4TcJ",31/03/2020
"Talking Digital Future: Artificial Intelligence

https://t.co/TFBIMU575V

#ai #cybernetics #intelligence #future‚Ä¶ https://t.co/6fnSvJELwX",31/03/2020
VIDEO: How to make your enterprise hyper-productive with #CognitiveAutomation and #IntelligentAutomation‚Ä¶ https://t.co/esaovgucsd,31/03/2020
"Cities Need to Prepare Now for Disruption from Artificial Intelligence According to Oliver Wyman Forum Index  
Busi‚Ä¶ https://t.co/x40V36EDI5",31/03/2020
"Build a Decision Tree in Minutes using Weka (No Coding Required!)

https://t.co/iOswrtfY81 v/ @analyticsvidhya
#AI‚Ä¶ https://t.co/B2N6weS2yO",31/03/2020
"Can your bots handle 50k concurrent users?

Read more about how we stress test our bots to ensure we're deploying t‚Ä¶ https://t.co/b5eb6mPSWA",31/03/2020
"Kaggle calls data scientists to action on COVID-19
In newest challenge, #Kaggle asks AI researchers to apply machin‚Ä¶ https://t.co/FhMcWHLFvW",31/03/2020
"Can your bots handle 50k concurrent users?

Read more about how we stress test our bots to ensure we're deploying t‚Ä¶ https://t.co/23WmIjm97q",31/03/2020
"Agent57: Outperforming the human Atari benchmark. #100DaysOfMLCode 
#100DaysOfCode
#301DaysOfCode
#30DaysofUdacity‚Ä¶ https://t.co/TL7lbPTIsp",31/03/2020
"Why Hasn‚Äôt Finance Embraced AI for Forecasting Yet? Jason Dobbs and Kyle Olovson, CTP share their thoughts with the‚Ä¶ https://t.co/c7anqlUl0s",31/03/2020
I AM AN OLD WOMAN WHO HAS MOVED ON TO A NEW WOMAN #MachineLearning,31/03/2020
üéì NEW exciting fully funded #PhD fellowship at CCHT! #Position in Ancient #Heritage Studies. Topic is antiquities p‚Ä¶ https://t.co/MrnpEDbdTl,31/03/2020
Court finds #algorithm bias studies don't violate US anti-#hack.ing #law https://t.co/0yeyaX4dyj #infoSec #dataSec‚Ä¶ https://t.co/exeYm55oHm,31/03/2020
"Top Ten Stories In AI Writing: Q1, 2020 - Robot Writers AI https://t.co/LdrH373KaF #DeepLearning #NeuralNetworks‚Ä¶ https://t.co/b6R30DOjfq",31/03/2020
Building cross-functional teams to deliver on the promise of #machinelearning is hard - especially remotely. We're‚Ä¶ https://t.co/dzu3u0ZCqs,31/03/2020
What are three things every COO should know about #AI and Content Management? Find out with my guest Bill Lobig fro‚Ä¶ https://t.co/qR0uUyzjpS,31/03/2020
"How artificial intelligence can transform influencer marketing - The Drum

Read more here: https://t.co/3CVlRnH4fW‚Ä¶ https://t.co/gn7KE2hhLI",31/03/2020
"neo4j via NodeXL https://t.co/Z0iFnHgbZ6
@neo4j
@kirkdborne
@silkjaer
@rotnroll666
@iamdevloper
@martinpreusse‚Ä¶ https://t.co/lUL1L5gmrd",31/03/2020
Top 20 AI Use Cases: Artificial Intelligence in Healthcare https://t.co/IQRWFiNJaQ #machinelearning,31/03/2020
What is AI Training Data? | Lionbridge AI https://t.co/EtlcdgBjJU #machinelearning,31/03/2020
Crisis and Opportunity: The Top Microgrid Stocks to Own for 2020  https://t.co/6h8cssuHZY #MachineLearning‚Ä¶ https://t.co/IhJT0NFeZr,31/03/2020
"#ArtificialIntelligence &amp; #MachineLearning in the #Enterprise.

#AI #ML #BigData #DataScience #InternetOfThings‚Ä¶ https://t.co/lYENP2i5ah",31/03/2020
"I published an article on ""An End-to-End Data Science Project on Diabetes"". 
It's an article about my Final project‚Ä¶ https://t.co/ebtjCgz8S6",31/03/2020
"The MLSA ~ My inspired project to level up in #MachineLearning üî• https://t.co/cm4Nyr7xHy 

#learning #playing‚Ä¶ https://t.co/Y8jK4DgL8i",31/03/2020
Tensorflow and Keras For Neural Networks and Deep Learning https://t.co/70XUmtfGcH  #machinelearning #ad,31/03/2020
Developing Industrial Internet of Things https://t.co/JaCJD02NIb  #machinelearning #ad,31/03/2020
sparklyr joins as its Newest Incubation Project - Scaling data science and machine learning workflows using Apache‚Ä¶ https://t.co/TN31YZ9hVZ,31/03/2020
"Check out our selection of articles from this month that we think you should read: üöÄ

https://t.co/X72tjtCw0s‚Ä¶ https://t.co/VnYFjrCnsm",31/03/2020
Still distancing GAN. #generativeart #machinelearning #stylegan https://t.co/tVHcNtT93I,31/03/2020
Take a look at How AI and Image processing could help in the fight against COVID-19 https://t.co/DoRKP1QI6X‚Ä¶ https://t.co/PoPDiP3OzP,31/03/2020
"How to Speak Robot: As the #Art World Flirts With #AI, 

Here Is a #Glossary of Terminology You Need to Know‚Ä¶ https://t.co/pPGy03NSlp",31/03/2020
We are proud to announce the commencement of our Machine Learning project that would help businesses with sales and‚Ä¶ https://t.co/vhEyAkO63a,31/03/2020
#TechNews - The Global #MachineLearning Market is expected to grow by USD 11.16 bn during 2020-2024 - Read more:‚Ä¶ https://t.co/C96NM9L2f9,31/03/2020
"Can #AI help in the response to #coronavirus?

Professor Mihaela van der Schaar (@MihaelaVDS) on how using AI and m‚Ä¶ https://t.co/0uKGiSwoIv",31/03/2020
Researchers use machine learning to predict large wildfires ... - Get started with 100% Practical Free Machine Lear‚Ä¶ https://t.co/g2TC3I3bk0,31/03/2020
"Satellite mapping, 3D modeling, and machine learning have become game-changers #machinelearning‚Ä¶ https://t.co/N0AF6oePvf",31/03/2020
"#arXiv #machinelearning [cs.LG] Semi-Federated Learning. (arXiv:2003.12795v1 [cs.LG]) https://t.co/qIjkUCMewB

Fede‚Ä¶ https://t.co/UFroIA9wTb",31/03/2020
#arXiv #machinelearning [cs.LG] Correlated daily time series and forecasting in M4 competition. (arXiv:2003.12796v1‚Ä¶ https://t.co/7lCzaGhcAD,31/03/2020
Government-funded public administration initiatives lead the way to adoption of internet of things (IoT) networks a‚Ä¶ https://t.co/1W5VCZZS7J,31/03/2020
"Comment your answer üëá
Visit https://t.co/6Lm2xXAYgO for more info
#MachineLearning  #python #ArtificialIntelligence https://t.co/JFNVm4rghv",31/03/2020
AI tool predicts which coronavirus patients get deadly 'wet lung' https://t.co/kv3xjWuqIy via @aljazeera‚Ä¶ https://t.co/X1pZqtHAVA,31/03/2020
"How can data influence consumer behaviour? 

https://t.co/GDuSOW3wUo

#AlwaysEvolving #DataScience #DataScienceJobs‚Ä¶ https://t.co/PLQ6450AIk",31/03/2020
Putting artificial intelligence to work in the lab: Automated scanning probe microscopy controlled by #AI /‚Ä¶ https://t.co/JnHeFMvbEg,31/03/2020
We talk #MachineLearning and how developers can access such tech with programming languages like Julia and Swift wi‚Ä¶ https://t.co/TBBMC13Qpa,31/03/2020
"Violence-detecting #drones, leveraging #AI to keep the peace

@Seeker via @MikeQuindazzi #IoT #ML #EmergingTech‚Ä¶ https://t.co/dABcy3GtJH",31/03/2020
"We provide an entire range of AI services that include Machine Learning, Natural Language Processing, Speech Recogn‚Ä¶ https://t.co/myd7IJd6Km",31/03/2020
"Delighted to exchange ideas with @tomtaulli on AI and Machine Learning. Insights shared by @adnanmasood 
#AI‚Ä¶ https://t.co/22TITjEsjE",31/03/2020
ICYMI: We explain two of the most common categories of #MachineLearning in this post. Learn more about supervised a‚Ä¶ https://t.co/AUWhM0Frkm,31/03/2020
"The latest Games, Reskinning and more! https://t.co/2YW1Gt3efC #machinelearning #python",31/03/2020
AI has power to change the complete era of customer experience and it‚Äôs not just about Chatbots.‚Ä¶ https://t.co/zi0leZtKMb,31/03/2020
Bridging the gap between #RPA #technology &amp; business ‚Äì the role of a #BusinessAnalyst https://t.co/A2DbtA4Pnc‚Ä¶ https://t.co/xcRMYzTG13,31/03/2020
One of the best things about #Bravetools is how easy it is to publish a service and re-deploy its carbon copy on a‚Ä¶ https://t.co/UoNsJ33Sh3,31/03/2020
Machine translation of Neural signals (variations in brain cortical activity)to sentences with an encoder-decoder f‚Ä¶ https://t.co/AzQFD2nyPn,31/03/2020
FAU is hiring Open Topic Professorships for Artificial Intelligence in Biomedical Engineering:‚Ä¶ https://t.co/W0TOT6qThv,31/03/2020
Clients simply submit their logistics problems to our solvers via an API endpoint and receive the solution as a res‚Ä¶ https://t.co/nuY5krYYlG,31/03/2020
#AI strategies from 35 counties representing 90% of Global #GDP. ‚ö° @holoniq via @MikeQuindazzi #MachineLearning‚Ä¶ https://t.co/WvVl5IMbVa,31/03/2020
VIDEO: The end of work as we know it. #hyperproductivity #SmartCompanies #ArtificialIntelligence #MachineLearning‚Ä¶ https://t.co/VJPlid6uJs,31/03/2020
"VIDEO: Why the next big leap in #AI will have nothing to do with deep learning.
#DeepLearning #QuantumMechanics‚Ä¶ https://t.co/mahfLzJs2w",31/03/2020
Kaggle Competition Aims AI at COVID-19 - InformationWeek https://t.co/DAhrA1hvbN #machinelearning,31/03/2020
The latest The machine learning Daily! https://t.co/Arof2apDqk #machinelearning #ai,31/03/2020
"Video: #AI, the end of #deeplearning ?
#DeepLearning #QuantumMechanics #MachineLearning #CognitiveComputing #RPA‚Ä¶ https://t.co/IfiF0pa3dd",31/03/2020
#AI strategies from 35 counties representing 90% of Global #GDP. ‚ö° @holoniq via @MikeQuindazzi #MachineLearning‚Ä¶ https://t.co/Fb1tNFVddm,31/03/2020
The AI-Adam Daily! https://t.co/FeaqZXJSZA Thanks to @BorisGarfias @tensorflow_guru @VisTran #ai #machinelearning,31/03/2020
"A Bigram Poem inspired by SynTech_CDT:
 How can 
 can #AI 
 #AI and 
 and #machinelearning 
 #machinelearning help‚Ä¶ https://t.co/nGBKvHFVe5",31/03/2020
"How can #AI and #machinelearning help the response to coronavirus?

https://t.co/OkmZluxIor",31/03/2020
"CHN ver: How Does NASA Use Machine Learning? by harkiran78, translated by @liu_zhiyong. 
What does Machine Learning‚Ä¶ https://t.co/TDTitVBXfc",31/03/2020
"-Researchers Will Deploy AI to Better Understand Coronavirus-
 
#technology #articlesharing  
#dashboard‚Ä¶ https://t.co/UofQcAukQZ",31/03/2020
"What I have learned 

about #ArtificialIntelligence in 10 Months 

https://t.co/kPVSVweAXX #fintech #AI‚Ä¶ https://t.co/I93GS62Yqm",31/03/2020
"via @RichardEudes - From Data Analysis to Machine Learning  https://t.co/aJ88OTdLyY¬† #analytics, #bi, #bigdata,‚Ä¶ https://t.co/2y6SmEKt4a",31/03/2020
"Ansys Electronics
Millimeter wave near field #radar for pre-landing check in Ansys HFSS SBR+.
#ansysukraine‚Ä¶ https://t.co/vaVCKbrROL",31/03/2020
Training data is absolutely essential to the development of any #MachineLearning model. This article from‚Ä¶ https://t.co/Fjld2ZhFuA,31/03/2020
"‚ÄúThere‚Äôs a difference between a clever person and a smart one. Smart people make their own ways, and clever people‚Ä¶ https://t.co/zDuRiSMjj7",31/03/2020
"#MachineLearning is making its way into magnetism studies. Researchers from @TMU_PR and @NUSComputing, used a‚Ä¶ https://t.co/9lN3xwmdGr",31/03/2020
"Listen Now | https://t.co/CDKpWMlyjX

In case you missed it, series 2 of the #OneZeroOne podcast continues with a d‚Ä¶ https://t.co/two4AODSu2",31/03/2020
"How will #AI impact your #future 
#ArtificialIntelligence #futureofwork #MachineLearning  #fintech #future #Impact https://t.co/mBsQLUAU0o",31/03/2020
"VP of CGI UK on innovation within pricing practices - Insurance Business UK https://t.co/rxmwczrRuO

#DataScience‚Ä¶ https://t.co/gIZJgMgRGj",31/03/2020
Use machine learning to find energy materials - Get started with 100% Practical Free Machine Learning Crash Course‚Ä¶ https://t.co/fCP5yV2FNS,31/03/2020
.@scventuresDNA is looking for a #fintech solution on Automated Call Back : Human Experience with the Speed of a Ma‚Ä¶ https://t.co/cOnjbUZYpe,31/03/2020
"Doctors credit IBM‚Äôs Watson for saving a woman‚Äôs life.

#DigitalHealth #HealthTech #IBMWatson #DataScience #BigData‚Ä¶ https://t.co/5P2wMnc7uD",31/03/2020
"Microsoft PowerPoint #Designer suggests ideas when you insert a picture into a PowerPoint slide.üñº
 
Watch to find o‚Ä¶ https://t.co/fP4ijcpIsT",31/03/2020
Digital Catapult has a unique opportunity for companies working with #AI or #machinelearning to collaborate with‚Ä¶ https://t.co/ULcMcFc62O,31/03/2020
"How marketers can integrate AI into Social Media Strategies to streamline operations and enhance engagement, writes‚Ä¶ https://t.co/0Iy0pvyOLP",31/03/2020
VIDEO: How to make your enterprise hyper-productive with #CognitiveAutomation and #IntelligentAutomation‚Ä¶ https://t.co/HQLtiAz8zl,31/03/2020
"Many companies are looking for application toolsets that provide required tools to scope, develop, roll-out and man‚Ä¶ https://t.co/NtNNVDCO1I",31/03/2020
How Governments Have Used AI to Fight COVID-19 https://t.co/9nXsNf5BAZ #DeepLearning #NeuralNetworks‚Ä¶ https://t.co/6hmZ3DsAQM,31/03/2020
"Complete Machine Learning Course: Go from zero to hero https://t.co/ycv4goBIbH #analytics, #machinelearning",31/03/2020
"[D] Machine Learning - WAYR (What Are You Reading) - Week 84
https://t.co/I2EWJ0etRT
#MachineLearning",31/03/2020
University Lectureships in Machine Learning and Computer Vision (x2) - Job Opportunities - University of Cambridge‚Ä¶ https://t.co/1hznjqeoqq,31/03/2020
Applied Data Science with Python https://t.co/OBBaCU8MXf  #machinelearning #ad,31/03/2020
Introduction to Data Science https://t.co/kGpMqHaEqh  #machinelearning #ad,31/03/2020
Astonishing Growth in Technologies Empowering Smart Healthcare Market 2020 | Detailed ...  https://t.co/bCd1X1m0kD‚Ä¶ https://t.co/TYMYQw5yw1,31/03/2020
MIT researchers used #machinelearning to streamline a search for battery materials. #materials #batteries #Ansys https://t.co/DJKSVtYyNR,31/03/2020
ML-fairness-gym: A Tool for Exploring Long-Term Impacts of Machine Learning Systems https://t.co/bWNeFLMmfG  #MachineLearning,31/03/2020
Our company @AbSavantic just got a slight refresh of our website - Check it out: https://t.co/fEqAbddr54 Need help‚Ä¶ https://t.co/leawvMTV1g,31/03/2020
"Facial Recognition: Friend or Foe?

Developments and challenges for #FacialRecognition  technology:‚Ä¶ https://t.co/TNLsXrswzQ",31/03/2020
Machine Learning: The New AI (The MIT Press Essential Knowledge Series) https://t.co/UhLNxfkKO7 #AI #MachineLearning,31/03/2020
"Building an AI-driven nestwork.
Tech execs gathered in Sydney in September to discuss the benefits of using AI tech‚Ä¶ https://t.co/rfQY8aejH4",31/03/2020
"Full-feature Aivia software on a web-browser (for Mac, PC, etc.)...
It's free for you to #WFH now!

Send me a DM or‚Ä¶ https://t.co/XkMRHrXXGP",31/03/2020
"via @RichardEudes - From Data Analysis to Machine Learning  https://t.co/7C2xM9ZxCO¬† #analytics, #bi, #bigdata,‚Ä¶ https://t.co/1cQkGNLKg0",31/03/2020
"Day-78 of #thepersonalMSDS 

Track my progress at https://t.co/5Ie3QlHSJl

#datascience #machinelearning #python‚Ä¶ https://t.co/f9EhPkOGww",31/03/2020
Check out our e-brouchure which helps you onboard new hires remotely... https://t.co/e3ZsauWQLc #TalentUpdate‚Ä¶ https://t.co/WQZ9QsgeZT,31/03/2020
"Post Corona people should ask how money was spent on undefined AI -For what? 

AI is another‚Äôs Dot Com crash but th‚Ä¶ https://t.co/quAyy8w4nO",31/03/2020
"Learn with fun!

#IoT #CloudComputing #tech #datascience #code #linux #java #programming #programmer #reactjs‚Ä¶ https://t.co/4HQa7rKXN1",31/03/2020
A Global Team Of Scientists Have Developed An #AI System to Detect 17 Diseases From Exhaled Breath With 86% Accurac‚Ä¶ https://t.co/FrPfa2342I,31/03/2020
"Automation as an investment for SMBs, is it worth and how to do it? https://t.co/eE7JvoB6yu  #Automation‚Ä¶ https://t.co/22aWniUzzp",31/03/2020
10 of the most popular great articles in Artificial Intelligence https://t.co/ffqf4LgbU8 #AI‚Ä¶ https://t.co/nJY6fMmtxm,31/03/2020
"#TechnoCool: AI Is Coming for Your Most Mind-Numbing Office Tasks - WIRED

#ai #ml #neuralnetworks #deeplearning‚Ä¶ https://t.co/uoIxBMqGcH",31/03/2020
How could airlines emerge stronger from the #COVID19 downturn? Mindtree‚Äôs @adnansaulat talks about 3 long term tech‚Ä¶ https://t.co/Y85l6rArd2,31/03/2020
"3 ways AI can artificially act like a human!
#1 Sense #NLP + #MachineVision
#2 Think #MachineLearning +‚Ä¶ https://t.co/q1SqOm5J0m",31/03/2020
How to Read Articles That Use Machine Learning: Users' Guides to ... - Get started with 100% Practical Free Machine‚Ä¶ https://t.co/QZGy5Gcr7B,31/03/2020
The changing AI-led retail landscape means that companies are analysing competition in an entirely different way. T‚Ä¶ https://t.co/bA2Ve63ZUg,31/03/2020
"Why Deepfakes Are A Net Positive For Humanity By @_simonchandler_  via @forbes https://t.co/TlkurwK0TO

#AI‚Ä¶ https://t.co/Dus8NtJNpN",31/03/2020
"Is your company thinking about using new technologies, such as cloud, #IoT, #machinelearning? Join this thought-lea‚Ä¶ https://t.co/9LkIPcfpYw",31/03/2020
MIT researchers used #machinelearning to streamline a search for battery materials. #Ansys https://t.co/pivHMBqtA0,31/03/2020
"Artificial Intelligence Can Speed up the Detection of Stroke? Find out below by @UniTurku

Read here:‚Ä¶ https://t.co/gOBAGqiE5h",31/03/2020
How GDPR will change the way we build machine learning algorithms ü§ñ https://t.co/LfHXoxldKU‚Ä¶  #MachineLearning‚Ä¶ https://t.co/XanPi6D9yc,31/03/2020
"Join our growing FastAI Virtual Study Group for the lesson 3 tomorrow. 

Live streaming begins at 7:00 PM IST/6.30‚Ä¶ https://t.co/sAWJ5OTdZs",31/03/2020
I didn't realize that one can use FPGAs for Machine Learning. I'm wondering whether there are any neat usage exampl‚Ä¶ https://t.co/CTzJonfZeM,31/03/2020
"via @RichardEudes - From Data Analysis to Machine Learning  https://t.co/Corj9jI0Gn¬† #analytics, #bi, #bigdata,‚Ä¶ https://t.co/8gGWRO17xb",31/03/2020
"Must read!!! üëá

How Artificial Intelligence Is Helping Fight The #COVID_19 Pandemic by @Entrepreneur

Read here:‚Ä¶ https://t.co/UOg6ffYESo",31/03/2020
Machine Learning has led to systems being capable of learning over time through training based on examples.‚Ä¶ https://t.co/Rqdp6kpNnu,31/03/2020
"via @RichardEudes - From Data Analysis to Machine Learning  https://t.co/gyBFgVZI5b¬† #analytics, #bi, #bigdata,‚Ä¶ https://t.co/rb5f04DbQ1",31/03/2020
"What are RNNs and LSTMs (Long Short-Term Memory) in #DeepLearning? 

https://t.co/nndlh70AmP by @danupnelson v/‚Ä¶ https://t.co/iNSz5iboZN",31/03/2020
Tough times require specialized solutions. Start using #ComputerVision to detect  #BodyTemperature anomalies. Meet‚Ä¶ https://t.co/GGM33tIQb9,31/03/2020
"The new messaging tool, called WHO Health Alert, has the potential to reach 2 billion people #machinelearning‚Ä¶ https://t.co/WZnFqywhI9",31/03/2020
"[Reminder] Payatu Webinar: ""Introduction to ML and DL for security"" on 2nd April at 03:00 PM IST

Sign Up:¬†‚Ä¶ https://t.co/lKfLmXkP6o",31/03/2020
"Introducing Data Science: Big Data, Machine Learning, and more, using Python tools https://t.co/YiRqO9M7aG‚Ä¶ https://t.co/TcGry26uD3",31/03/2020
Open Data Science Conference #DeepLearning #learning #machinelearning via https://t.co/51Q7uqVBnT https://t.co/ebQ2GIqR9e,31/03/2020
"There is an increasing demand for Data Scientists globally as it has wide applications in various industries.  

He‚Ä¶ https://t.co/qfWR16hfuH",31/03/2020
"Tips, Tricks, Hacks, and Magic: How to Effortlessly Optimize Your Jupyter Notebook 

https://t.co/RwsF8IR31O
 via‚Ä¶ https://t.co/1SbYnsuRb6",31/03/2020
"Artificial intelligence is the name given to any computer system taught to mimic intelligent human behaviors.
 #ai‚Ä¶ https://t.co/DfGUC6h897",31/03/2020
"VIDEO: Why the next big leap in #AI will have nothing to do with deep learning.
#DeepLearning #QuantumMechanics‚Ä¶ https://t.co/N2V946PE3W",31/03/2020
VIDEO: The end of work as we know it. #hyperproductivity #SmartCompanies #ArtificialIntelligence #MachineLearning‚Ä¶ https://t.co/dvDhUUZN2x,31/03/2020
New Machine Learning model to help doctors diagnose the stage of brain cancers - Tech Explorist #machinelearning‚Ä¶ https://t.co/VxiTk1iCqd,31/03/2020
"Apple‚Äôs AI Latest Strategies: Progress And Future Goals
https://t.co/GTDOOEbdKy V/ @automeme

#AI‚Ä¶ https://t.co/nfsYEHrG31",31/03/2020
"The easy way to send your emails!

üëâhttps://t.co/UjuJBTWiK4

#CloudComputing #software #sales #JavaScript‚Ä¶ https://t.co/O4pfzCxBtN",31/03/2020
"Video: #AI, the end of #deeplearning ?
#DeepLearning #QuantumMechanics #MachineLearning #CognitiveComputing #RPA‚Ä¶ https://t.co/mK2yP8U5Ru",31/03/2020
"Machine Learning vs. AI, Important Differences Between Them by @robiriondo https://t.co/cCm2ZnPgkm
#ML‚Ä¶ https://t.co/cCp6iEQCXV",31/03/2020
"Calling all of you to come send in your contributions for the #HackCovid19 Ideation Challenge, an initiative of‚Ä¶ https://t.co/DiDjKytreD",31/03/2020
"A Bigram Poem inspired by KynapseDigital:
 #Machinelearning tools 
 tools have 
 have always 
 always been 
 been t‚Ä¶ https://t.co/3digrhawai",31/03/2020
NHS turns to tech companies to tackle #COVID_19uk #Covid_19hot spots  #AI #machinelearning #BigData #IoT‚Ä¶ https://t.co/P46xNAis45,31/03/2020
Deep Learning Pipeline #DeepLearning #learning #machinelearning via https://t.co/8gJ8Sn9yU3 https://t.co/Oz2vgMwJjx,31/03/2020
Learn how to use TensorFlow 2.0 for machine learning in this MASSIVE free course https://t.co/orvMMV8IfC #tensorflow #machinelearning,31/03/2020
@KCLstemcells @BrJDermatol @beibeixy @kingsmedicine @Kings_HSDTC @kingshealth @GSTTresearch Applications of artiÔ¨Åci‚Ä¶ https://t.co/2VG8Szkysc,31/03/2020
"The Data Science Methodology by @sisokels https://t.co/dllVv5BSnm

#datascience #datascientist #methodology #machinelearning #idafng",31/03/2020
"Introducing ""FairPut"",
an open framework describing a preferred process at the end of the #machinelearning pipeline‚Ä¶ https://t.co/pQqcZeCgxk",31/03/2020
Scientists develop AI that can turn brain activity into text https://t.co/LSPYzHXMSZ #ai #ArtificialIntelligence‚Ä¶ https://t.co/qXNjmEUucp,31/03/2020
How Minneapolis Startup PhData Became the Midwest's Fastest Growing Company by Building Artificial Intelligence for‚Ä¶ https://t.co/owc8nDiigZ,31/03/2020
How Artificial Intelligence Is Helping Fight The COVID-19 Pandemic via @EntmagazineME @IamSamerObeidat‚Ä¶ https://t.co/mMVEyKivTk,31/03/2020
"Ans : True

Using 'Kernel Trick',  SVM works with input space rather than dealing with a high dimensional feature s‚Ä¶ https://t.co/SMlkEESnxv",31/03/2020
Thanks to @Marktechpost for having me as a #tech advisor on their Advisory Board - a great site and resource for al‚Ä¶ https://t.co/9rsoADL8OM,31/03/2020
https://t.co/j3WlGBbgfl #machinelearning Practical Spark Tips for Data Scientists,31/03/2020
