,Tweet,Date
0,"#AI and #MachineLearning can now analyse information for #Businesses at a very granular level.
Creating Personalize‚Ä¶ https://t.co/GGg8IGbobQ",29/03/2020
1,8 Must-Read Beginner #Python #Books to Become Programmer. #BigData #Analytics #DataScience #AI #MachineLearning‚Ä¶ https://t.co/Lovxd2gpHv,29/03/2020
2,"Prediction: WEEK 3/29/20

Please Share or Donate to:

https://t.co/tFkju6828V

#DJIA
#NASDAQ
#EURUSD
#USDJPY
#WTI‚Ä¶ https://t.co/Fq4lyP74Hp",29/03/2020
3,Smartphones: https://t.co/uWb3sm4QhP #Industry40 #InternetOfThings #ArtificialIntelligence #MachineLearning‚Ä¶ https://t.co/1u9mo9k70q,29/03/2020
4,The latest BizTalk for HL7 FHIR! https://t.co/tqNwz9Nm82 Thanks to @christianazcon @TomKerkhove @automeme #ai #machinelearning,29/03/2020
5,Business: https://t.co/68u8SkiG0l #Industry40 #InternetOfThings #ArtificialIntelligence #MachineLearning‚Ä¶ https://t.co/4J7q4n3laS,29/03/2020
6,"#WTI #BRENT CRUDE OIL 4 wk 3/29/20.

https://t.co/tFkju6828V

West Texas Intermediate, Brent  #OIL #OPEC  #Policy‚Ä¶ https://t.co/r3fEvOj1RO",29/03/2020
7,VIDEO: How to make your enterprise hyper-productive with #CognitiveAutomation and #IntelligentAutomation‚Ä¶ https://t.co/OGkyaz9QFG,29/03/2020
8,"#PostCoronavirus, How #Telemedicine Could Upend The #HealthcareSystem

#Healthcare #Cloud #HealthTrackers‚Ä¶ https://t.co/HvN74a5FTu",29/03/2020
9,"Dow Jones #Nasdaq 4 wk 3/29/20.

Please Share or Donate to:

https://t.co/tFkju6828V

S&amp;P 500 $SPY #DIA #QQQ #Stock‚Ä¶ https://t.co/zaSz1kzDpK",29/03/2020
10,"ü§ñ‚ú® ¬†I have the same right as you have to use computers to learn, and to use the information and technology that the‚Ä¶ https://t.co/65EPxl7sxE",29/03/2020
11,The modern #Security Operations Center is working harder than ever to defend your org from increasingly complex cyb‚Ä¶ https://t.co/bZ3rfKGU3g,29/03/2020
12,Best Python Libraries for Machine Learning and Deep Learning https://t.co/f4FSvgqxyh #machinelearning,29/03/2020
13,"This Machine Learning Algorithm Detects Naruto Hand Signs 

READ MORE: https://t.co/IPcQVL2lby

#AI #algorithm‚Ä¶ https://t.co/fCGq8iEdzY",29/03/2020
14,"#EURUSD #USDJPY 4 wk 3/29/20

Please Share or Donate to:

https://t.co/tFkju6828V

#Forex #fx #BOJ #ECB #Federal‚Ä¶ https://t.co/hDysZuBuel",29/03/2020
15,Global Big Data Conference #MachineLearning #deeplearning #learning via https://t.co/mEs8GUBxIB https://t.co/tXjMjYN7gh,29/03/2020
16,"And Now This:  Deep Learning: the final Frontier for Time Series Analysis? - JAXenter

#tech #technology‚Ä¶ https://t.co/iEmshdSXeC",29/03/2020
17,Evading Machine Learning Malware Classifiers https://t.co/Eu8iyYXV40  #MachineLearning,29/03/2020
18,Practical Machine Learning for Coders has moved | https://t.co/pw9lQi0bTF course v3 https://t.co/44sp0OHWzc  #MachineLearning,29/03/2020
19,"Creating #MachineLearning models in Power #BI 

by @santoshc1 via @MSPowerBI
#AutoML #AI #Analytics‚Ä¶ https://t.co/rogUYTLLIy",29/03/2020
20,The danger of #AI is weirder than you think https://t.co/fgQS4P2l7s  #algorithm #artificialintelligence #future‚Ä¶ https://t.co/hAmdYZdNib,29/03/2020
21,#ODSC Virtual Conference https://t.co/H3H0LdSwSR #DataScience #OpenSource #MachineLearning @Agentero1 https://t.co/Za6MnqIHDI,29/03/2020
22,Introduction to #Numpy - A Math Library for #Python. #BigData #Analytics #DataScience #AI #MachineLearning #IoT‚Ä¶ https://t.co/anlpVdmgcw,29/03/2020
23,I don¬¥s not know. ü§ñ #machinelearning #cryptoart #bnha #weiwuxian #botally #drawing,29/03/2020
24,"How AI is Transforming the Customer Experience

https://t.co/YMRluEju3y @insideBigData 

#ArtificialIntelligence‚Ä¶ https://t.co/m7PwXpaoYI",29/03/2020
25,"Two graduates from @DSI_Columbia üóΩüçé

Have launched @EVQLV_AI a #startup working in #biotech 

They are using‚Ä¶ https://t.co/BnW2yRY7jn",29/03/2020
26,#ODSC Virtual Conference https://t.co/Ii6cZneJvT #DataScience #OpenSource #MachineLearning @Agentero1 https://t.co/fwfkMCuurn,29/03/2020
27,How to Select the Right AI Platform for Accounting [Download Free Buyer‚Äôs Guide and Comparison Worksheet]‚Ä¶ https://t.co/noEAIZIhVN,29/03/2020
28,How to correctly select a sample from a huge dataset in machine learning https://t.co/07q7HSzqFb #machinelearning,29/03/2020
29,Deep Learning Computer Vision with Pytorch https://t.co/ldQNiUZw3y  #machinelearning #ad,29/03/2020
30,Hands-On Neural Networks: Build Machine Learning Models https://t.co/r5mkIkLSCv  #machinelearning #ad,29/03/2020
31,VIDEO: The end of work as we know it. #hyperproductivity #SmartCompanies #ArtificialIntelligence #MachineLearning‚Ä¶ https://t.co/IWnB9VBjjK,29/03/2020
32,HUMAN RIGHTS IN THE AGE OF ARTIFICIAL INTELLIGENCE. @accessnow  REport https://t.co/qXQ2mtnLNm  #AI #IA‚Ä¶ https://t.co/OYlMOs4e91,29/03/2020
33,Is Machine Learning Really AI? #MachineLearning #learning  https://t.co/KWCwD0xfZq,29/03/2020
34,Making a presentation on #MachineLearning for my lab today. This might be one of the greatest figures I have made ü§£‚Ä¶ https://t.co/ebDXnkCiG1,29/03/2020
35,The virus is here&gt; where is the technology ?#ArtificialIntelligence #AI #DataScience #MachineLearning #BigData‚Ä¶ https://t.co/BfJ5xUJuCn,29/03/2020
36,"Time Series #machinelearning (and Feature Engineering) in R
Time Series #machinelearning (and Feature Engineering)‚Ä¶ https://t.co/78PowmKNay",29/03/2020
37,"Check out my Gig on Fiverr: design or develop your wordpress site https://t.co/rrkl5DGn3r
#mean #indiedev #webdev‚Ä¶ https://t.co/BV262zaEvP",29/03/2020
38,10 Must-read Machine Learning Articles (March 2020) https://t.co/dozUWUjBLm  &gt;&gt; via @VoiceTechCarl &gt;&gt; #NLProc #ML‚Ä¶ https://t.co/SGyXaT4FfO,29/03/2020
39,DigiTrax makes beats w/A.I. - on the #appstore now! https://t.co/9OStFwEDFR #ML #MachineLearning #AI‚Ä¶ https://t.co/Mb8CwChirm,29/03/2020
40,"CFxMLRS profile for 03/29/20

More Live Updates 24/7 @
https://t.co/LodmWIN7zf

#CFx #MachineLearning #Finance‚Ä¶ https://t.co/rCvnICyCR1",29/03/2020
41,How can I implement AI in DevOps? by @Crossing_Minds #AI #MachineLearning #Data https://t.co/IYW2xcTZuO,29/03/2020
42,SenseTime shortlisted to bring AI into Japan's expressway - https://t.co/oxEQvADuGj https://t.co/qB66d2PQWR‚Ä¶ https://t.co/MOmkXtGZCr,29/03/2020
43,Soon many common work processes will be fully automated with smart machines doing the work. #tech #MachineLearning‚Ä¶ https://t.co/1JwVrvobVg,29/03/2020
44,A Complete Guide To The #MachineLearning Fraud Detection | #BigData #Analytics #DataScience #AI #DeepLearning #IoT‚Ä¶ https://t.co/FWSnQwrkNq,29/03/2020
45,"GridSearchCV error: Expected array-like (array or non-string sequence), got (python,scikit-learn,h2o) #datascience‚Ä¶ https://t.co/96PnYSZUmU",29/03/2020
46,"What is DataOps? Collaborative, cross-functional analytics https://t.co/SUXdwCLsgL #analytics, #bigdata,‚Ä¶ https://t.co/HsUz8wBUbt",29/03/2020
47,"VIDEO: Why the next big leap in #AI will have nothing to do with deep learning.
#DeepLearning #QuantumMechanics‚Ä¶ https://t.co/yDGw7bXHsZ",29/03/2020
48,Machine Learning Pipeline #MachineLearning #deeplearning #learning via https://t.co/YRJVTPKreC https://t.co/gR6RsLzRmI,29/03/2020
49,"Business automation, with innovations including #AI and #MachineLearning, will impact most of the work people do. I‚Ä¶ https://t.co/WKULstbKeT",29/03/2020
50,@Azure  @AzureML Tried new Azure ML studio and there is a huge difference between classic and paid version..tried a‚Ä¶ https://t.co/2v5TBx9eQB,29/03/2020
51,Is artificial intelligence or technology ineffective in the face of the virus? @BillGates @elonmusk @hpc #AI‚Ä¶ https://t.co/MUbmTgBhPH,29/03/2020
52,Ask a question? #AI #model provides #answers from your #web pages! Right from your #search box. #DeepLearning‚Ä¶ https://t.co/bBtKAmxk28,29/03/2020
53,"Cognitive Computing Market 2020 Size, Share, Key Segments, Top Companies Analysis, Services ...‚Ä¶ https://t.co/l0jvwuDXfU",29/03/2020
54,When to use Machine Learning or Deep Learning? #MachineLearning #artificialintelligence #deeplearning #learning via‚Ä¶ https://t.co/HTauA6JO2o,29/03/2020
55,The latest EdTechFundamentals Daily! https://t.co/czk8S3PdX1 Thanks to @andersonatlarge #machinelearning #ai,29/03/2020
56,"Top 10 Machine Learning Algorithms You Need to Know

‚òû https://t.co/AT7cchyDKG

#MachineLearning https://t.co/6TwzAikOMe",29/03/2020
57,"Video: #AI, the end of #deeplearning ?
#DeepLearning #QuantumMechanics #MachineLearning #CognitiveComputing #RPA‚Ä¶ https://t.co/lzyj5btKUy",29/03/2020
58,via @RichardEudes - How Machine Learning is Transforming Clinical Decision Support Tools  https://t.co/jJywPvPrJF¬†‚Ä¶ https://t.co/jrix29quLx,29/03/2020
59,#AI and #machinelearning provide invaluable tools for #data analysis and pattern recognition that are instrumental‚Ä¶ https://t.co/CnnLaUG57S,29/03/2020
60,#MachineLearning is solving challenging problems that impact everyone around the world. See how researchers at‚Ä¶ https://t.co/3PgVyVqBfm,29/03/2020
61,"ThunderAct hiring CTO, Co-founder expert in NLP and ML (REMOTE- USA onlyüá∫üá∏)
#ML #MachineLearning‚Ä¶ https://t.co/ZEedDwSn5R",29/03/2020
62,üíæü§ñ @GilgameshTweets You have the ability to do everything that you desire and do ‚ûïü§ñ #iot #artificialintelligence‚Ä¶ https://t.co/oCI8b2Rsri,29/03/2020
63,"Machine Learning ‚Äì Building a Pet Detector in 30 minutes using Tensorflow

‚òû https://t.co/GKhBSUALHW

#Tensorflow‚Ä¶ https://t.co/mJlKVNy4Qh",29/03/2020
64,"Interested in learning about Principal Component Analysis  in #Python?
Check out this article with a complete walkt‚Ä¶ https://t.co/yaqvx72ciD",29/03/2020
65,"Statistics versus machine learning: definitions are interesting (but understanding, methodology, and reporting are‚Ä¶ https://t.co/4Hd3yIgOhz",29/03/2020
66,The latest Quantum Computing! https://t.co/LtlpBXLSaT Thanks to @JR_justJR @jenniferatntd #machinelearning #ai,29/03/2020
67,"Speeding up machine learning | WSU Insider | Washington State University 

READ MORE: https://t.co/PXSSvTAKlY

#AI‚Ä¶ https://t.co/f7SRiWYzdZ",29/03/2020
68,"You are NOT safe, not just from #coronavirus:
https://t.co/ju9kP5F0DQ

#entrepreneurs #digitalmarketing #webdev‚Ä¶ https://t.co/Ocmbz8l42v",29/03/2020
69,"Top 10 Machine Learning Algorithms You Should Know to Become a Data Scientist

‚òû https://t.co/LPybxWu63J

#Python‚Ä¶ https://t.co/63chF9CZJI",29/03/2020
70,"Machine Learning ‚Äì Building a Pet Detector in 30 minutes using Tensorflow

‚òû https://t.co/00IS0hgwoy

#Tensorflow‚Ä¶ https://t.co/InDDM8KnQi",29/03/2020
71,"WekaIO Receives Artificial Intelligence Excellence Award 

READ MORE: https://t.co/JnHjGUWBKH

#AI #DeepLearning‚Ä¶ https://t.co/OyJlZapaPx",29/03/2020
72,Machine Learning with Python https://t.co/vlxptS7UVd  #machinelearning #ad,29/03/2020
73,Machine Learning: An Applied Mathematics Introduction https://t.co/VTp6MuvbD3 #MachineLearning,29/03/2020
74,"Reading the Brain with Machine Learning https://t.co/R7QQdi2s2o #artificialintelligence, #datascience, #datascience‚Ä¶ https://t.co/xEssOgfZ8g",29/03/2020
75,"VA Looking to Expand Usage of Artificial Intelligence Data - GovernmentCIO Media

Read more here:‚Ä¶ https://t.co/Mkm1DKCNFQ",29/03/2020
76,"Machine Learning ‚Äì Building a Pet Detector in 30 minutes using Tensorflow

‚òû https://t.co/kt8VwraBWU

#Tensorflow‚Ä¶ https://t.co/UVSN5hcFdb",29/03/2020
77,It's super work based on pollutant detection. It's a great achievement of #Robotics  along with #MachineLearning &amp;‚Ä¶ https://t.co/badtfyba4q,29/03/2020
78,"""How AI is Transforming the Customer Experience"" #MachineLearning https://t.co/xJU1Qdcp1h",29/03/2020
79,Key story: Learn #MachineLearning Coding Basics in a weekend - Glossary and Mindmap - Data Science Central‚Ä¶ https://t.co/B2eDwDc87z,29/03/2020
80,#Synthetic #ID #fraud is a new and emerging threat for #financial services firms. #AI and #machinelearning are impo‚Ä¶ https://t.co/11QRHl9XCi,29/03/2020
81,MikeQuindazzi: #AI self-checkout shopping cart driving #Autonomous retail &gt;&gt;&gt; ThinkCaper via MikeQuindazzi &gt;&gt;&gt; #AI‚Ä¶ https://t.co/NzMU0eUIeP,29/03/2020
82,"Oh God, please debug my heart and mind.
#AI
#MachineLearning
#BigData
#DeepLearning
#IoT
#IoTsecurity",29/03/2020
83,The latest The Precision Medicine Daily! https://t.co/gITPEJwt8R Thanks to @Trinaty @mountiemania @ArthritisWA #healthcare #machinelearning,29/03/2020
84,We're streaming live Tuesday 6:30PM EST with @RichEverts. Topic is one of top #game programming platforms in world‚Ä¶ https://t.co/VbBPAHqxoQ,29/03/2020
85,"#SEO #socialmedia : @jblefevre60: 'AI learns chess!

#AI #MachineLearning #Robotics #MachineVision via @wef HT‚Ä¶ https://t.co/4tOxmkGZ4l",29/03/2020
86,Paige Bailey demonstrates how Swift for TensorFlow can make advanced machine learning research easier and faster. W‚Ä¶ https://t.co/KoboFV3umT,29/03/2020
87,#AI self-checkout shopping cart driving #Autonomous retail &gt;&gt;&gt; ThinkCaper via MikeQuindazzi &gt;&gt;&gt; #AI #IoT #COVID19‚Ä¶ https://t.co/iAzGu2YRAD,29/03/2020
88,VIDEO: How to make your enterprise hyper-productive with #CognitiveAutomation and #IntelligentAutomation‚Ä¶ https://t.co/pcORHMQtu3,29/03/2020
89,Training a Machine Learning Model to Detect Sarcasm using Twitter #machinelearning #datascience #spark https://t.co/7cLDWsJkuP,29/03/2020
90,#AI self-checkout shopping cart driving #Autonomous retail &gt;&gt;&gt; @ThinkCaper&gt;&gt;&gt; #AI #IoT #COVID19 #FinTech #AR‚Ä¶ https://t.co/910x1setPV,29/03/2020
91,Data Scientists Use #MachineLearning to Discover COVID-19 Treatments https://t.co/axjqDX3wpd #ML #healthcare‚Ä¶ https://t.co/OboXElLyPW,29/03/2020
92,"Analysis of Gender Inequality In Face Recognition Accuracy.

Paper: https://t.co/QjjGb22C03

#machinelearning‚Ä¶ https://t.co/3c36iWqFxY",29/03/2020
93,Wondering how does Artificial Intelligence work? Read this post to find everything you need to know about Artificia‚Ä¶ https://t.co/Ig8fvdaqdQ,29/03/2020
94,Using immersive learning for data science will jumpstart your learning journey and provide a pathway to craft your‚Ä¶ https://t.co/3O3I9Q8SzV,29/03/2020
95,"Machine Learning ‚Äì Building a Pet Detector in 30 minutes using Tensorflow

‚òû https://t.co/GB7djn6Yjq

#Tensorflow‚Ä¶ https://t.co/QSJtE2sCRO",29/03/2020
96,Top story: Learn #MachineLearning Coding Basics in a weekend - Glossary and Mindmap - Data Science Central‚Ä¶ https://t.co/iOO1QQdy0l,29/03/2020
97,"Is #AI On the Verge Of A New Long Cold Winter?
#BigData #Analytics #DataScience #MachineLearning #DeepLearning #IoT‚Ä¶ https://t.co/QNou8C2ItE",29/03/2020
98,"Is #MachineLearning Really #AI?
by @rschmelzer @CogWorldHub @Forbes

Learn more https://t.co/72VmC2GihS

#BigData‚Ä¶ https://t.co/BZ1bzrAAWw",29/03/2020
99,"Things to know as an #AI #Advisor.
#ml #datascience #machinelearning #blog https://t.co/TVIuU1jWgi https://t.co/Nx58KaNEm2",29/03/2020
